path,bytes,sha256
README.md,9190,a045a76e4c5786fa2e24e6fb329f8e4f265a3c0d677d77af2c2823b9e1e970c8
claim_to_file_manifest.csv,9704,5d2e2c265300c028794179aefed3b66261fcd38b767398b40a1eddd5e58f8656
excluded_files.csv,2794,f9d0a00be431022a86d3956029a1ae73d9750e8eeddb86262251ba6f69203edc
figures/full_garment_reversal_field.jpg,662345,18c04ee57ec4489a8f0b3ef142b088f1e5616ed40c9894ede36a7ef9c1dd885a
figures/fullfield_orientation.jpg,543800,7b8985f78d8513e3bbb92dcfd0c43071b95798bc3f9da215373b663817b9a99f
figures/garment_fit_torso_expand_060mm_manual_audit.jpg,696507,6def49d8594e9b92d12f86c0a5a25ec3cf0db1ea664d2004409d92162dfe7809
figures/garment_kinematic_signatures.jpg,669420,82d4f9fe15b66869313c38c3c8563eed89dfb39bc3e9a9fc8a9594f56065c164
figures/garment_layout_normalized.jpg,767037,8b58d1c5bfe07c99ec8de4c1d9a41a6715b66e193836527ebb43fb0f076dce55
figures/geometry_screening.jpg,742006,b00e664b96221e59bb632fbc1f5b2cf3f9d797a9b6694cefb44362fdabab2dc9
figures/matched_garment_controls.jpg,707555,a38e1d0e363da566f57d4237531891846516e242931ffa5591fe0ff347dd65ee
figures/material_sensitivity.jpg,510441,3155a95c1755f8aadd241bcdac481b56df1e83bd8ae2423ce1b15c31f7a7d9f3
figures/orientation_screening.jpg,905382,5033ee06603c74e835db9f3a9b85840fa4ffe891d2d319da239fa767e396be6f
figures/relative_F_sensor_mesh.jpg,459825,466feb8e1af45115d5de4a43a5024c4ac335bd7a0e5cd8b795767f8de3f63dfb
figures/taper_mesh_convergence.jpg,543979,7ef041d7fd49a6e983ede3a6ef709b5c8281c00f57d7f32b726ccf4ce5de585f
figures/taper_screening.jpg,461628,cb36a986d787c70428888a1a316dd3ed02c77fbb4c101daf92a55275cc516665
figures/textile_anisotropy.jpg,685425,7f50d91b4a6338679244db99e104effe08d49b188f85015db2e14b42d01ddbb6
model/affine_angle_0_local_coarse.feb,295109,939ec7f8cf2743c5e9d9adf5ccb3614cf7d4bcc4f0dd5aaf2bb055bb4e5a056e
model/affine_angle_0_local_coarse_metadata.json,2460,05a96b0e61d54b99c16e10601f48ffb833d6d37fbba14d9cb089412f6f31cd3f
model/anisotropy_balanced_angle_0_local_coarse.feb,295609,36e33d59f90347324b4abf49dfa3113d136e63f58d80350dcede1507bacfd7e0
model/anisotropy_balanced_angle_0_local_coarse_metadata.json,2654,5dae9d6e6e136537d6cbb0c5a41f00e86e0833649fa00d81e77d6b9c370902fb
model/anisotropy_balanced_angle_0_local_medium.feb,1315443,e267fde2f2ea1061ce408850e3b0bbe881703c06cc61598f68599a3f6f4fa2eb
model/anisotropy_balanced_angle_0_local_medium_metadata.json,3275,e19c0332761c68bffc2f524fb8e2bc344ed88023235c4aa24029409daf3802b0
model/anisotropy_balanced_angle_60_local_medium.feb,1332448,4c48a68cd7aabccf6afbeff78dd20957419f870514d337c81fbb20e0e8c5483f
model/anisotropy_balanced_angle_60_local_medium_metadata.json,3340,98dae2e2e5f282f4cb4a400e2a5ad1768cca4195f2f3b580da589b5191066c3a
model/anisotropy_x3_angle_0_local_medium.feb,1315431,2814a98e3f65c6eebffaaad7eefb161449adcfb413cfab33800e6745b554e0e2
model/anisotropy_x3_angle_0_local_medium_metadata.json,3263,3da8f595ffc8a0dba09e020819800d4fb045bc1defbc548eb1981f105ae7e475
model/anisotropy_x3_angle_60_local_medium.feb,1332436,48a1b5d439f601eb9478675b6825f532a7a15bd054a9d1665378db5ffc6feccc
model/anisotropy_x3_angle_60_local_medium_metadata.json,3328,abe2848ba115b917ab90cdcf4ace9dc4ec3c24060163dd300e7bdd4188581124
model/anisotropy_y3_angle_0_local_medium.feb,1315431,7adfc6f9a1567d944d4c83114cb098e747be97001f801f96545d068ff15cadf3
model/anisotropy_y3_angle_0_local_medium_metadata.json,3263,eeaa597827c3435fd0a14ff8f1037f2aacef0ed2d61e07228fad743e76a6281c
model/anisotropy_y3_angle_60_local_medium.feb,1332436,0359f2d47a9f763d56aa6d02c4f924584498a56eead08be20e12d12043479f25
model/anisotropy_y3_angle_60_local_medium_metadata.json,3328,149ffe4f93259a3fb6dd2f6fc21a8d6cce8710d4026c4896b5ee735904b8333b
model/arm_raise_sensor_contact_aware_s10_local_medium.feb,1334658,aae98a744a828e359da1b71ffb6130c09f4ac5718b24b0ea2ababc718ba4cc0d
model/arm_raise_sensor_contact_aware_s10_local_medium_metadata.json,3583,109811f7568cd23738437d5c191f47cf86236466db4cd98a06d70d29c98aa38f
model/arm_raise_sensor_contact_aware_s3_local_medium.feb,1334040,56048764690dcf39a53e2d3407a3484ae33490a2bc007f452b6cf6f58728a1a5
model/arm_raise_sensor_contact_aware_s3_local_medium_metadata.json,3580,1482458c35d7a2b36ce02c20ebce7ad3c0541b26ac775d0794288e8e3aff4c9e
model/arm_raise_sensor_contact_aware_s3_local_medium_refinedstep.feb,1334064,257a3df16c3f5d1258e6b38f5f484d5a20c403e8f2eb00355e53914d7d7d7cfc
model/arm_raise_sensor_contact_aware_s3_local_medium_refinedstep_metadata.json,3641,5001f02f9186fca945eb6526056ceeb189da20043c11b5f07f65cd5a70574bc1
model/arm_raise_sensor_contact_aware_s8_local_medium.feb,1333998,d3980a1e200aef045bf30f8a666b57292ae73e68c67fb2fad6e6f99ac2231904
model/arm_raise_sensor_contact_aware_s8_local_medium_metadata.json,3583,5b6f01d9682af2bff0f2f9a27a85513807f2eb513843bf0d790711b104bd21ca
model/arm_raise_sensor_contact_aware_s8_local_medium_refinedstep.feb,1334022,ada4faae1b38f2c3412dab8dd514f806b18fbedb692a9a82c6e513b773376252
model/arm_raise_sensor_contact_aware_s8_local_medium_refinedstep_metadata.json,3644,876b3de7267b0f3b62fe7ac79e82f73452aea0bb78eab6a0a1c85aa364f50778
model/arm_raise_sensor_contact_aware_s9_local_medium.feb,1334614,d85c0784d1656685c5edd892cd3454b31a5ffaacc9b1c183fa79fa430993bd4b
model/arm_raise_sensor_contact_aware_s9_local_medium_metadata.json,3584,19986e0b68033c5441d7812fca7796883e5a837f317f5f67497bfb794e6b13a2
model/arm_raise_sensor_contact_free_s10_local_medium.feb,1333368,ae62de1cc7bd7f9aeff6052d46c2b862c6c3cadc65976123fa66a52a2255cadf
model/arm_raise_sensor_contact_free_s10_local_medium_finitegreen.feb,1333462,05b73d8c59a9e6bf502a497ed3a639e58e1d08255a0a941221fcebddd598ff6b
model/arm_raise_sensor_contact_free_s10_local_medium_finitegreen_metadata.json,15636,97352702a75a92eda7722e87772cdc58187d64650e5e970310dd46f428cf30bb
model/arm_raise_sensor_contact_free_s10_local_medium_metadata.json,3578,2fc80ac2a67ca694154f8e4404468b9eff65e4e33b66bbba1e96574cc6bf56a4
model/arm_raise_sensor_contact_free_s3_local_medium.feb,1325792,94df306027647364cd6480a6d8ef98f14df84931fcf7293e302a6de0b561fb48
model/arm_raise_sensor_contact_free_s3_local_medium_finitegreen.feb,1332564,592b5c36af2ab06ff90c44f9e181d1d262a33fdb10659129704626bdd82f7776
model/arm_raise_sensor_contact_free_s3_local_medium_finitegreen_metadata.json,15602,9f8c2e7463c260479689e71160f30f01675b288b38e4ac92580b4df1a3348dcb
model/arm_raise_sensor_contact_free_s3_local_medium_metadata.json,3581,89ef14dbf00e42c8a4e8d101dc0201439fb0867c168a3e4cd57f72229d5612a5
model/arm_raise_sensor_contact_free_s8_local_medium.feb,1325792,70a4abfe61c3849ddc84c9d1c18f2c4d70da7451b552bd3f06f234a412a9a248
model/arm_raise_sensor_contact_free_s8_local_medium_finitegreen.feb,1332564,cf54363b4d4c6d6f667d58264ca06bcaaf09602866ddcd7c1fb7014ab14a20d4
model/arm_raise_sensor_contact_free_s8_local_medium_finitegreen_metadata.json,15602,d731c98586693e9743acb92f924214fc6ddb477f1ecef4d4c92910e432310d78
model/arm_raise_sensor_contact_free_s8_local_medium_metadata.json,3581,5f525d126967e2b28567c23e485fc224a19ab319791b686730d73deba4cf8e5b
model/arm_raise_sensor_contact_free_s9_local_medium.feb,1333366,9bc76e40aeafb08f50a5e52ecc0008efefc3f86fb3fd9cf42d92ff67c59a8493
model/arm_raise_sensor_contact_free_s9_local_medium_finitegreen.feb,1333460,f0ec711db647fa8cb902c89835228b0133893d63b50312c905bde0977052a092
model/arm_raise_sensor_contact_free_s9_local_medium_finitegreen_metadata.json,15637,521b338f9eb682b44683e4ef085bc2ec7f28fef410ee98c2f79ff9947f5ca28b
model/arm_raise_sensor_contact_free_s9_local_medium_metadata.json,3580,fcc7db765cb8d319a1ce319ffde9d98aed854601e67e0533a6c547bdd55da208
model/compressibility_literature_nominal_medium.feb,232023,9d5808206e223d6a07fe85469c7117a7260f2ecbaba081c7a7485e6a22b6668a
model/compressibility_literature_nominal_medium_metadata.json,6596,e2fe7d88e2cf687045585f863d36071e6532b96ceb318841d176960b8ff2d3e1
model/compressibility_textile_nu_high_medium.feb,232017,edd47b1d132ba1bf36ea2f8beb05bc48d34a1fa73eed5ad9aaf8c8562c6ac4d8
model/compressibility_textile_nu_high_medium_metadata.json,6590,ee78bc60828c43bd3ed68ef1fc105d5943e857204d3caf4304e4d0413e82cd57
model/compressibility_textile_nu_low_medium.feb,232014,408d02f1b6dc4c8d90cbacdecca8a5b58225ef2412aed8b9e4fbab928f0139e6
model/compressibility_textile_nu_low_medium_metadata.json,6587,00c1691ca92341d20519bd0735edb6365b5fe3b70e2c5bc758cd2496cac9ab84
model/compressibility_tpu_nu_high_medium.feb,232009,a5070dddc932aad4fbac31a8376dfcac7524e198c968100911150c4013bd84e0
model/compressibility_tpu_nu_high_medium_metadata.json,6582,5abb711472f5ef1d40f6f181498d6eb558b8cc1b5ff318428ecb65d395ceae5d
model/compressibility_tpu_nu_low_medium.feb,232005,4ed7c00ee36bf9e91fbdac594bdf09d740a4f7ad4658061cb0e8a0ff6b5d9b74
model/compressibility_tpu_nu_low_medium_metadata.json,6578,e8a457db979cd903da2deb7c80bbc00fd1cfa58cc1587ff6cd37f51eca798f04
model/contact_sensitivity_augmentations_high_movement025.feb,687552,cff693509f715eff55f5ec6304375c13edd18137caef384e4a2a95b0eacb5ee9
model/contact_sensitivity_augmentations_high_movement025_metadata.json,2352,f783072647e8193c0fa9fd2833b54b202d6544f1e8c69ccaba44ac42e13c9479
model/contact_sensitivity_augmentations_high_reference.feb,651463,47cda18c3c42cdc421fd3c2704babd8f38755de54d58c755381e2595f8612a6e
model/contact_sensitivity_augmentations_high_reference_metadata.json,2277,08580871f2bb0e07fa1ea036e9043b87eda0ef8b94425d9044cb042bda0419ea
model/contact_sensitivity_augmentations_low_movement025.feb,687550,05e01b204bb68cc2d742a149bd9ffe4e5364175314fa3b4f414712e8dcb9ddf4
model/contact_sensitivity_augmentations_low_movement025_metadata.json,2351,16508e3353a6f5ce0ec41510e4cec4e5db7b6a46693925ba8753b463a9a717cd
model/contact_sensitivity_augmentations_low_reference.feb,651461,76785bf7556d5413983af16919d20a350ab7bc9fcf937ec8c28956f9a5162568
model/contact_sensitivity_augmentations_low_reference_metadata.json,2276,ab0aebef9a50d9b500eecf637babf699be1846eb8eba2c6a009df1d317d6d4a7
model/contact_sensitivity_baseline_movement025.feb,687532,774cb604c2b28c27ea1eea07b76372df7fe7edd0e60c6d5e62f10fee465659cc
model/contact_sensitivity_baseline_movement025_metadata.json,2342,bee027b2a7fd73917e53940e5353592d1d3c3da40f777f394f228ef92c063ccb
model/contact_sensitivity_baseline_reference.feb,651443,67cca039cd5289f31bb96c76a6c273134fa1ce5d653cc4751de0b1cf9c022797
model/contact_sensitivity_baseline_reference_metadata.json,2267,faa322612ab973703918873474357ee4da03275e928289b57cea0a5c10c566f3
model/contact_sensitivity_clearance_high_movement025.feb,687598,2c93c36c6685562afa1ba47c6819ee840e9ec9d71bae3285e56a7a9beef0e8de
model/contact_sensitivity_clearance_high_movement025_metadata.json,2348,2f947f9097814d5966b8a00ceb91eb3d058d619787fb1a37f4c9517c13e42355
model/contact_sensitivity_clearance_high_reference.feb,651509,f04b0a32a0aeb2066e8f9c473ac8a68189b6babeb558a303d4847af44e562600
model/contact_sensitivity_clearance_high_reference_metadata.json,2273,bb0ea02396480e56e945cb807243dd3c04b435f5058d94ccfa75ca7212f91283
model/contact_sensitivity_clearance_low_movement025.feb,687704,aa56aed04b8cf55a9f64e6da506e7ce9843f39df345d806f207637e83dda8775
model/contact_sensitivity_clearance_low_movement025_metadata.json,2347,3e1a2e4f1362652cb040bc63883b5ec8df5640ffe627fa703a79d4c44f3ced0c
model/contact_sensitivity_clearance_low_reference.feb,651615,f93a068389e1657719a66ef15730d08716871f4eb0348d4761f161adcc5a4884
model/contact_sensitivity_clearance_low_reference_metadata.json,2272,ec621a3298d65e59da21f65a632f39135335dd4e1b0227ced1ce6e8a85b847f8
model/contact_sensitivity_garment_E_extended_high_movement025.feb,687562,0e0924aa41ab2c19de0e7fce22e9e928c7c0046351a1f23a34399104f499eb99
model/contact_sensitivity_garment_E_extended_high_movement025_metadata.json,2357,4bfd64fe518310bcfd30f5bc53156170fc5b81784692bf59d1b3cd1177fb7a7a
model/contact_sensitivity_garment_E_extended_high_reference.feb,651473,982175ad8334ef9ed18877a6852e183b5cb3dc7053737a83fbbf24d157c7560e
model/contact_sensitivity_garment_E_extended_high_reference_metadata.json,2282,870c22f52435cfc47f4fe720f0cfe15f9443aba1608bf7f322a28be256957e65
model/contact_sensitivity_garment_E_extended_low_movement025.feb,687560,7457a99162755865ffd1063df51456a6e9ec2e3af949a968fd481b51623eb95b
model/contact_sensitivity_garment_E_extended_low_movement025_metadata.json,2356,1711ff8dcef451e117f17443269bead3b97729866e7a5cb8985e6bb4d0d0f0a1
model/contact_sensitivity_garment_E_extended_low_reference.feb,651471,98e50e287e10737f59368b9d9a6de8bd7927acf8af78efd46b9979d1022e8984
model/contact_sensitivity_garment_E_extended_low_reference_metadata.json,2281,33be5af42bd4c39afd82e46af354f894703f64c2d3bd4c4356403190205d98db
model/contact_sensitivity_garment_E_extended_midlow_movement025.feb,687566,403704ae0a39c9f3e132d832fa6af293ebda70496240c7ee232c7846a8272585
model/contact_sensitivity_garment_E_extended_midlow_movement025_metadata.json,2359,3b01d753993cd98bcaee8eb3d42dcc064fbd1cd673f84eb10b3a3700a0254b4b
model/contact_sensitivity_garment_E_extended_midlow_reference.feb,651477,1e88307c14298ccf7dd45ba646bc4af152ddaf027365bda19adef4833fbee7da
model/contact_sensitivity_garment_E_extended_midlow_reference_metadata.json,2284,bd5fb5f6817466bb0403790cd3d8d29888be54cf58b144313f3e492b5c1973f7
model/contact_sensitivity_garment_E_high_movement025.feb,687544,3d63f245150b42fa921e57e1fd5640699f86424d50746b4605758be77615a654
model/contact_sensitivity_garment_E_high_movement025_metadata.json,2348,bf185b0bb05f1582c30c75fc1384b3ce51191a91ecc312ee0ad1ba0f9e93dcdc
model/contact_sensitivity_garment_E_high_reference.feb,651455,414e40d93f0c5a3e71616abfbb85ee01a635e2b7e824e2377e656051f842d56c
model/contact_sensitivity_garment_E_high_reference_metadata.json,2273,be6307fa556adb1780b06acb1443cc1c6e201a32dbca6864ccee3f6550a8b995
model/contact_sensitivity_garment_E_low_movement025.feb,687542,894cd94b1fb0d7981e35da60548e26093ffc0b970c58e8cf676d73c2dc10c901
model/contact_sensitivity_garment_E_low_movement025_metadata.json,2347,082edf2d261f2a7210f75afaceed30356c232353e8a85fea02f9c2cc176497af
model/contact_sensitivity_garment_E_low_reference.feb,651453,41d548790b982616666569e2599fce7afaa3bad33e64c3ecf45ae0d81528f332
model/contact_sensitivity_garment_E_low_reference_metadata.json,2272,11cdb7a21af75d2e2fe296aa348f9be1154abf2b177c137a2369f73c3ed0913b
model/contact_sensitivity_penalty_high_movement025.feb,687540,bde7564d2767fb30e9a5dfffa5f534434fce86d620ea83061309eca9e42fe667
model/contact_sensitivity_penalty_high_movement025_metadata.json,2346,22d6fcc73c1243070595c151ed651735cf077262b1f106392cf1676a9f6ba4ed
model/contact_sensitivity_penalty_high_reference.feb,651451,cccbc1e2e62a06379f50436b176f9d7904dfc023b99696d8e9b23a6b95d4d1c1
model/contact_sensitivity_penalty_high_reference_metadata.json,2271,57a95534cbb446df7b8c116b3357bc266318611c80b0e4296e7d0fb6bab5a948
model/contact_sensitivity_penalty_low_movement025.feb,687539,62d3346e8baa41a17b7dd29be7613c91d350ccbab4c83591dc13918cb19afb67
model/contact_sensitivity_penalty_low_movement025_metadata.json,2346,05d59755ef5c4af69a078df1e6cf469ab303be8fb2ed40336622ca44ffb4b828
model/contact_sensitivity_penalty_low_reference.feb,651450,57bc9d2977da992179ceee0f301d8c377d50d0feb48e46f5380d6669b3543c70
model/contact_sensitivity_penalty_low_reference_metadata.json,2271,9fbc8f36f822283f73d9ba9bdb82aced07803eac7b59fafced48e2096d26714e
model/contact_sensitivity_torso_radii_high_movement025.feb,688034,74be9d5f529c5156df5873083b41b52443b43940ccb0e9d341c7f877725b638c
model/contact_sensitivity_torso_radii_high_movement025_metadata.json,2350,ca53c83342d540b8792a1fe4c3091aa8a1b850421aa99cb07bfb890e710d1150
model/contact_sensitivity_torso_radii_high_reference.feb,651945,eb1836a29ad617754bc64c5ae5e7ba242d98594243ef267b04595b4377e4fb72
model/contact_sensitivity_torso_radii_high_reference_metadata.json,2275,fc20b4337ccf2f9a1659ee5c8b599c60a984e659e5d185cb72fcb7ce8511d3dd
model/contact_sensitivity_torso_radii_low_movement025.feb,687411,46ac912ad927f2fd17d7106c634baf185fe23523a6d829d53f274f14fce0307c
model/contact_sensitivity_torso_radii_low_movement025_metadata.json,2349,9ab39c3b7b13f2c18ec2145087860219d3ef7dbab289e2077083459b72a00d88
model/contact_sensitivity_torso_radii_low_reference.feb,651322,79ed8ff6e9b64002bfcfa1ddd8b184797138c87e1b8d1df792f4e18aca7e43da
model/contact_sensitivity_torso_radii_low_reference_metadata.json,2274,d5aeeed6d5c269631bea31df6cce576967ab587b0d5e06b2a549382b5e1834e5
model/coupon_mesh_coarse.feb,37101,21927cf8880f58d64b27ee7d224c79433a32f6d7cb35652e166319c66e9bb3ca
model/coupon_mesh_coarse_metadata.json,998,da8a734d851403c307d7f75beab903acd68c918da409c7ebe708c5ae6b5d5cfb
model/coupon_mesh_extra_fine.feb,7863734,a717f648a191896d1803c8b459ef05dd0ec5a23989249ed18b152f548573682d
model/coupon_mesh_extra_fine_metadata.json,3646,59f25c2e902e4827f8fc1feca95eafa89362181f172aab425e50172742dcc095
model/coupon_mesh_fine.feb,1454927,530ac1ebc6155b628abb9c7ce30dd0245f64e0b8a80407197dab0950d9a38d8e
model/coupon_mesh_fine_metadata.json,2003,235ffa13f25b58b01d1a418186615b8f7829e8d2a752a5ef27a85140c8a1d23e
model/coupon_mesh_medium.feb,232045,37a291b677664e57f5ed625bc7dbbdede91e11d33899f078e74fec2047422acc
model/coupon_mesh_medium_metadata.json,1278,8a758f3bb5f7abf7e66577cc63be59aacb7282922acb15df134bac7021856886
model/coupon_test.feb,232031,b4b15a14beddff2ffb42807fd9a1dec00d94c5c38def801fc32d441d2522d95c
model/coupon_test_metadata.json,1271,c8b198616df12e53c1e551507c2c14d97a3ba87a16f6848bc9c3b6207a68bd99
model/fullfield_angle_minus_60_local_medium.feb,1331966,1aef724b83a90b4bdc3202f28308a4588f3f5c9ab40f70b8e0cd6cdc44a15b16
model/fullfield_angle_minus_60_local_medium_metadata.json,3158,f26ddf7fab1d34b1fb9944639b0fe198e2494b3114e948f2dbf8fb10662478aa
model/fullfield_angle_plus_0_local_medium.feb,1314959,ec9cc2750337b7772516a0f04cf34f1563a4353051d44bc2c730c78ca7126051
model/fullfield_angle_plus_0_local_medium_metadata.json,3089,da414ac04de70c4adfca38db1fe31dca4d441afd57b448790452b17b61dda379
model/fullfield_angle_plus_60_local_medium.feb,1331964,aeba2b8ebf70b19c7ce9e7f83db2f7a7e01269c0bc476fde293486dab7768152
model/fullfield_angle_plus_60_local_medium_metadata.json,3154,c725f3f74cd96dc70ff9a7c05fe61079c189f7d9a74a6ff99c2f309e2fe5982b
model/garment_both_arms_raise_025.feb,676259,d726dd1888802c3d481b36ab56c00a77b378bbe99e17a8f710bb9bd1a214c76b
model/garment_both_arms_raise_025_aug.feb,676378,d2f279fbf9972691b9be35945bbda10ea5b8532cc863f2e48fab4f0f3c1f26e2
model/garment_both_arms_raise_025_aug_metadata.json,2057,2ab45e637fb3b1b80f129700eba93ee6871bc923267f4b08ae300e77ea7292e3
model/garment_both_arms_raise_025_extended.feb,687524,5719f3dd1d6a84a42f6155eae47e1af4b53dd6406da89f4d9d2a331f7f3c6b1c
model/garment_both_arms_raise_025_extended_metadata.json,2118,6380b66fc76d22a233ac6c4f7b4d95a7fffa8d069bf210ebbdf226a0bcc53378
model/garment_both_arms_raise_025_metadata.json,2055,60fcb5d06c539363732f36a893042582f2b5c3c82c0317647160c8ae25414482
model/garment_both_arms_raise_025_p001.feb,676268,f146cdd1f7cbcf99bcc4553e6457d1dbffd9f7f8bba035189691a39e54b2ca05
model/garment_both_arms_raise_025_p001_metadata.json,2059,e3d615b9d997f20e646c49d1fd8a13411edf49420beb43fc3c7b2a849916f960
model/garment_both_arms_raise_050.feb,687470,8009846ab13f838fe45c3dc1e565da040c9db4fcaf40f277480a5268bff2f662
model/garment_both_arms_raise_050_metadata.json,2107,872da954cef3cf63d6963db179ccfe6025068697ec7cb8259f9f7d9e1c2d1b72
model/garment_both_arms_raise_100.feb,687478,875ee85d5d82948ac8cd38da67f89a7e74278e13c5e5a99f3de52a90bc8c9bd9
model/garment_both_arms_raise_100_metadata.json,2123,8412a53adaf6de21f1daa1008cf987fa64dc80fcb6b46dff9c32675df9126081
model/garment_contact_equilibrium.feb,539925,b93459d685b3137decda86d9707b2b837b07db51037277d518de3e2054690f0f
model/garment_contact_equilibrium_metadata.json,1302,4a583db5aa88a0e4e7493ba6763f6ec3215540021fc440e1331a74f6788c349c
model/garment_fit_0025bp.feb,539907,ee1fcbd238ffc922017c6556993aff988a1256806eaee14b7b803f1add60b2c0
model/garment_fit_0025bp_metadata.json,1483,8446d9c6ec6564dae08479fe95cfe1c52bc9175d6c44154e7a7bb7284aa4cb29
model/garment_fit_0030bp.feb,539905,b9afc06403659e65f22a4a37eaa14f59fdde2dc54df49bc8cb32c0262697a03a
model/garment_fit_0030bp_metadata.json,1482,c3440308628dc34bfcaec69ce16dcb5c371907f09731346bbd5e465c51e82de4
model/garment_fit_0035bp.feb,539907,98b4e6a3f87f298ce955642a59d4e09bd68caba984a3266f32b74080eb1f9549
model/garment_fit_0035bp_metadata.json,1483,9b652cdf45c1e8f11af4f4d8dd06ef7fa380f344eb5d1c6f8980ace59967dfeb
model/garment_fit_0040bp.feb,539905,e88f6898ec584cc693c0084037fd937c34884f4f5f9a921b7a88a00afedc5e86
model/garment_fit_0040bp_metadata.json,1482,125cc3bad40f7c5342a427fee19af967411fe651ae43a959b6f2e04dd990a1e6
model/garment_fit_0050bp.feb,539905,2a702699c7f4d82630966dec7c325177db9eeed639f8a3decff0dc11fd4bf5bf
model/garment_fit_0050bp_metadata.json,1482,2a457d3827ffae0ec2466e7f091d992f3f87eb6505e0aa5c9a911c5ed8ab96b0
model/garment_fit_0075bp.feb,539907,e96223de730ef34a5b35589f64d0a288ff55179093cfd5c06e9afff56cdf776b
model/garment_fit_0075bp_metadata.json,1483,f125e78942e25ffd17626cc6c4d16ce231dcb36a9b0a4eb76ee90fbcaf154756
model/garment_fit_0100bp.feb,539903,6d36fd996cc6987d48e084aca8d0fe98caa453601a1f4bbcb0b97e2b31f6694d
model/garment_fit_0100bp_metadata.json,1481,3ec3169e173728624b5b1e834417af449ae0dd036ee0d3eca1d068ae377b83d9
model/garment_fit_flip_0100bp.feb,539950,03dde0bb9162ccfb5724d236b2fd32d7ba4e0b6be0e7954bf115c10b8ad44390
model/garment_fit_flip_0100bp_metadata.json,1537,87a651d43a0f03941a90312685736e4aa1d67124fa31112b2ae12521d4972f8c
model/garment_fit_geometric_overlap_010mm.feb,618619,caf94f66c9cc2c23589e9e83a2b611a290a3549d559c6e2e5b51c500f452f003
model/garment_fit_geometric_overlap_010mm_metadata.json,1670,8ad9d97b668949df3302611018aa9ce375a73f85c0e0786f70d648826a99f540
model/garment_fit_geometric_overlap_025mm.feb,618754,91b9c2b8d32e40499a49c85d80fe4c121427a6204312509f35a15a48d16d9f0f
model/garment_fit_geometric_overlap_025mm_metadata.json,1673,cb7dfed08f0bc2fdeb11bedf9f3682e8c7797751cf073194c01c0120c044c9b7
model/garment_fit_inward_0100bp.feb,619579,dcbdfd552be04d1a49c9528852becc34988ac489ca8d26ed49499efe3116be45
model/garment_fit_inward_0100bp_metadata.json,1554,8588944d42049bb80e45afc8e6639d7f1a222ede5ae48e09190468445974081e
model/garment_fit_tensile_00655bp.feb,619589,59e2b17c428382cd40888c671dab8faa60e45e01fbfaa1d6c43513ae92dc1699
model/garment_fit_tensile_00655bp_metadata.json,1559,990db656ce53084c44b65554d304245970dd5678ce317141dd4c48d4e1d3126b
model/garment_fit_tensile_0065bp.feb,619585,e200a1ce277d991e2a5d9fde26adffb282e65e2ff9637fcf3863ffd33629a3ed
model/garment_fit_tensile_0065bp_metadata.json,1557,33bc2b90cd782ce3ae2024586d4a75f72ab95f40221919646420c009d19d21e8
model/garment_fit_tensile_00660bp.feb,619587,60374c1ad372cfb284b25cb4cde269b273131b7beec9f67b39bb367bf628051c
model/garment_fit_tensile_00660bp_metadata.json,1558,af0ed67bab64cd128eba927cff6e81948da9d7d260d908844c2d1f8e03f00c87
model/garment_fit_tensile_00665bp.feb,619589,008cff860efeaabf94beca3616e01ee06b6badb85786cd5c5ae4404f880b6c35
model/garment_fit_tensile_00665bp_metadata.json,1559,14313ca4a8ded8bc304e3fe6c4eaa6f2110ba049f6cb39c02c19ec9349742f19
model/garment_fit_tensile_00670bp.feb,619587,6c6da6a84d200a6471bbcd2c2959b3f62d8d532b99bb84085abd448459c08f73
model/garment_fit_tensile_00670bp_metadata.json,1558,10bcd0e9158a27f951768c5bd0eb5a3cb726c57a7e892fa904df0a71192e0802
model/garment_fit_tensile_006725bp.feb,619593,557b9fabf72dc7ad8e699e9bedeafac3c57058c19628a009ac4a275ede3b1646
model/garment_fit_tensile_006725bp_20step.feb,619610,15689bbf06bed9f34b34d0135b8fb641a07b5f688995f57f7b1ef4b77f337e23
model/garment_fit_tensile_006725bp_20step_metadata.json,1570,8cffdc293e3ba467886ef14270c666bd080123aebd382d7343d58fa84f8d2fac
model/garment_fit_tensile_006725bp_5step.feb,619605,9e51e5a6dad698a45f44eb87e8128833df32c9025f5b80bfd19a4d617cb4a356
model/garment_fit_tensile_006725bp_5step_metadata.json,1567,ebf9dcb7afc7815d0158a3f0f60e26a06071d86d62a0b517788584a39357cbed
model/garment_fit_tensile_006725bp_metadata.json,1561,4b06124e872f3358d994fa51468b6cfa4fbf447dbd541de75b4977bd8b0a60fd
model/garment_fit_tensile_006725bp_staged.feb,619845,78de500a18a2bbcdaafe29478ad2732a1e670986447e4b63da73b96647c7be9f
model/garment_fit_tensile_006725bp_staged_metadata.json,1648,236201433407de7fb9196a5522414a1c8b2e40cd1568312984e7e24f9bb517be
model/garment_fit_tensile_006740bp.feb,619591,38c0745cfda4826b97a5a905bbd673d02e94908627842bd7a2f0628defb172fd
model/garment_fit_tensile_006740bp_metadata.json,1560,adb73d38ae758ed9bc862870967043b6474187387091bc94d0bd59f03ce45efa
model/garment_fit_tensile_00675bp.feb,619589,fc51827b989a712060b6babdf519faed11efa1d481317351f2e256fbe6c5a912
model/garment_fit_tensile_00675bp_metadata.json,1559,b524b783ceb776aae99cd380bbdfee4d342b9c1fdb8007064654ea7ef9ceb425
model/garment_fit_tensile_0070bp.feb,619583,5f28555dcf54b8c9d5f52719fcf8445c612a726ff31c616b2bcc06dd2aaeaee4
model/garment_fit_tensile_0070bp_metadata.json,1556,d9955261307c466e8ace11d7f55a0ccb406f475e1ebe551806c2605df44276f6
model/garment_fit_tensile_0100bp.feb,619581,3e7f98530545a0d5d4f9e1d15dfc50527660e270b840d550049e076717433a71
model/garment_fit_tensile_0100bp_metadata.json,1555,324bae3752d2b2492b4b240573b7d5e2c03b07b57ce15daaa76f8cca10259a73
model/garment_fit_test_9975.feb,539913,18e11d76b0c8469a6d233205588ac50796e25180f8ae4acc4ab53f7ce329ea8b
model/garment_fit_test_9975_metadata.json,1486,5acb1e0154de2ca640cdc315198645ff6a0d0c2e138459d23db4ed7e50a4f443
model/garment_fit_torso_expand_060mm_manual.feb,651330,fd034e7095e6294ad960d723e3495dc99794a88d063e7bd68c0470351a749d67
model/garment_fit_torso_expand_060mm_manual_low.feb,651338,876cb48602698d364afcc87d432ee57bc6e40b54247c80507abad4a49717f455
model/garment_fit_torso_expand_060mm_manual_low_metadata.json,1858,a1818cec949350bb6483b23ce54c19e51d423669addb67e0322c0d6dd89a7ecc
model/garment_fit_torso_expand_060mm_manual_metadata.json,1875,27026907a35b1f691d5398c6d28ee85452da65470351c0af504268b3e883ae70
model/garment_fit_torso_expand_060mm_penalty.feb,651336,74de0ab51abed56ce3759535812afd377a574a68cf5060e0cf03f3e223bfbe75
model/garment_fit_torso_expand_060mm_penalty_metadata.json,1818,b231c67516043059188bc1eb09ddeaec3103ddb1a93f4a0b95e4e87883da3ae2
model/garment_fit_torso_expand_060mm_softbody.feb,651335,2095fe9616459d4b68214f236d604ccf92d2d963a9d9a55b526eb3d107be801a
model/garment_fit_torso_expand_060mm_softbody_metadata.json,1816,c3b510751096d6f2f23e10266916fa72fd5227c7d633cd652db87a2060fc84e9
model/garment_fit_torso_expand_100mm_soft.feb,651164,6b1d8f822fd737bde76379e44e8525912d46c5bbec0416d298371fbea75589f0
model/garment_fit_torso_expand_100mm_soft_metadata.json,1814,b603469d371d336eea1acc3f51509687ff2bf6cc971a08d5ca92252508fe7361
model/garment_fit_torso_expand_200mm.feb,651055,933f6d733ccb9477205f13736abd4d4673126558c4a3248a8251a506efd9fe6f
model/garment_fit_torso_expand_200mm_metadata.json,1807,74ee94e614eed25ae024d61a40bdfb0690dd51512bb79730132ee2bb6e9f8c51
model/garment_friction_mu0p1_025.feb,687446,f7caf5f162023514dbeea460a3f443c3b6c0c92d89d2d83cdb25745e0bf50eed
model/garment_friction_mu0p1_025_metadata.json,2179,da0c13d8ae28ed740bb07aeac9608b3317481f448b238ca1e5580ab50c942411
model/garment_friction_mu0p1_kt0p1_025.feb,687485,cdf5b73f92540d533dcb6c019e95e8c5de414c836f28097b0b927a1059d868ef
model/garment_friction_mu0p1_kt0p1_025_metadata.json,2229,4bcc0de8e72414468d8180e67ff95aef35b50c1dcff1476849ca6c6527489c7b
model/garment_friction_n2f_mu0_025.feb,687421,9f5f9754dcdeba98f82a1e6025901f861a44a17c2948d53e3e27be7b99a20d28
model/garment_friction_n2f_mu0_025_metadata.json,2315,820dd17b445167daeae86fb87608614e724886c28a9ef71dbb4d0712959cae49
model/garment_friction_n2f_mu0_reference.feb,651348,0829648da84fc919fe8c9e45f360c112fd1e393e9fd2cc6d0995a5bf4e1c1870
model/garment_friction_n2f_mu0_reference_metadata.json,2248,39881274306f05efd8761914845cdc2ee9c186eb60cc2aa0adee81e5d12bbb49
model/garment_friction_n2f_mu0p1_kt0p1_025.feb,687538,c4ee92839387f9774bca23fa481433a79ee9ba64480b6083a7e8f9db7bde0171
model/garment_friction_n2f_mu0p1_kt0p1_025_metadata.json,2319,f70dbb7c25db5fb79a2570d576d123206d675695b1cf4730f575f90356c8f757
model/garment_friction_n2f_mu0p1_reference.feb,651453,5753f58b84aef3ba4ec82f571b774f71cf6e497e763600e754789aa0b1c8d15c
model/garment_friction_n2f_mu0p1_reference_metadata.json,2246,59f8e9fa3bc4b7c8a4ea608b90287bc43392bad5ffc2bdb695f175aff6ea0311
model/garment_friction_n2f_mu0p3_fp0p1_kt0p01_025.feb,687553,fe2d2a1f1b6c4a109b121f8538d173922e5579c21d1be9e620f0df1489482929
model/garment_friction_n2f_mu0p3_fp0p1_kt0p01_025_metadata.json,2327,d3775bdd7c70d458cb5213bf4e470025c4e4c0cea5dee82453b89a9d7f230352
model/garment_friction_n2f_mu0p3_kt0p1_025.feb,687538,230fdbe65aabe76ea68f3015809e99c4a77ab8ffc4e248901a548c48b6f24d69
model/garment_friction_n2f_mu0p3_kt0p1_025_metadata.json,2319,ae2e0288276ed7ae32d031cb955261528a5f1b221e96b4121f13e5ed86e1f4f2
model/garment_friction_smoke_mu0p1.feb,687533,b4622e3df5febd53c6beefd3cdac1ce29733b75c6f9b144ca24dc622c6e01b9d
model/garment_friction_smoke_mu0p1_metadata.json,2137,56299af5c33c2b2b99b28eaa136a9e6c9740327d7af0c498c0d5248a0c40b94e
model/garment_mesh_0p6_coarse56_movement025.feb,542673,e887fcb61e559fd4a43d8f0634b7babe9cfb6843c643e8aa17965456969a2bc1
model/garment_mesh_0p6_coarse56_movement025_metadata.json,2341,72ec698d41f4679c6e600602d1f443ea5c61ed24f8f87965067def9258725d17
model/garment_mesh_0p6_coarse56_reference.feb,520796,21300d6bb2b7163f7107214623fcf93e4fc8233d616ff434370e9b413e8571d6
model/garment_mesh_0p6_coarse56_reference_metadata.json,2266,550f87b78640b6165d061f20dd4f617e1e23eafc3faa75d65d2549a08c9338a8
model/garment_mesh_0p6_fine72_movement025.feb,880287,deeada4c1fbc892ea493de1c02b8d2834d4f017cd7685095222770f8d7ade8a6
model/garment_mesh_0p6_fine72_movement025_metadata.json,2339,d60f5f6234c64de63c41726042895d89423dc3750f6ba6af1817c963ca281b76
model/garment_mesh_0p6_fine72_reference.feb,862506,3b0fa5e564a2c51893babf0e94744370574f6e2371f2c137e90227ce9cb8ee9d
model/garment_mesh_0p6_fine72_reference_metadata.json,2264,6470652692b0709b31d68c50365a2f094a0b3729f0853058f8cb13368d37ffb2
model/garment_movement025_steps80.feb,687508,08934b5827236fc6a89230ee5eb37f11f47d5b1268a191e31eef88afac926345
model/garment_movement025_steps80_metadata.json,2309,92eb987ea51cbd153ded5aa4301956d870a29daa34e2123d7cb185d678e69f5a
model/garment_submodel_both_arms_raise_s3_local_medium.feb,1325798,7c815b196191c9a9b386749e5200df935a133bca14dbaff181fc1d181ebd2d42
model/garment_submodel_both_arms_raise_s3_local_medium_metadata.json,3365,2333376c25b5e7ec229e6407c918ff692675fe85fe2b8dc4ebac5003b76f50a5
model/garment_submodel_forward_bend_s8_local_medium.feb,1326030,365bcdae8866dec008eb9a337c08eedb5ddddef2d60c7062c9d816b8d6145aa3
model/garment_submodel_forward_bend_s8_local_medium_metadata.json,3346,b7742319adc65fff9594c34b7496eb58feebca721bef321d612ac652537a3516
model/garment_submodel_left_arm_raise_s3_local_medium.feb,1332880,82e0b45656182c0e4c0c25ca1aac11711e5acd0d383c34c789c79e3fdc2622f9
model/garment_submodel_left_arm_raise_s3_local_medium_metadata.json,3360,b43f1b7b5842a49b1a3ece5d32b51c10f0b04e572c3c8901e22cfea442be7e1d
model/garment_submodel_left_shoulder_touch_twist_s9_local_medium.feb,1332916,aa98ca62e1f7f68be1b6782f785d8942c2ba12fc13b4ddea1a9c1ecc8dfdd483
model/garment_submodel_left_shoulder_touch_twist_s9_local_medium_metadata.json,3374,f027e31a41d3a58ec11db1bc0266a0a76b2026a430a025da88ab682fee899acc
model/garment_submodel_right_shoulder_touch_twist_s10_local_medium.feb,1332920,4fec5f7dac4b45846bd8f5ba1e0f92a1627853b16dc9c4cfb64476453d3f494a
model/garment_submodel_right_shoulder_touch_twist_s10_local_medium_metadata.json,3371,2a89f6b3107b61b665cafe7c08ee9dcf345a33e81288104896a21ec64c36de92
model/garment_submodel_sitting_s5_local_medium.feb,1333804,6878e2db000b3e949fef335af2ead5a5b6a83c57d56f1b7d2ea5e29081c363cc
model/garment_submodel_sitting_s5_local_medium_metadata.json,3357,3d4f7f975a686ed7c0e953164a21d85a388d058c3825dd17bc3ff9810b4463b9
model/geometry_backing_thickness_0p2.feb,37129,5a75b5290a0259a95642008b2459c3f0f4ccaaac4bd094897cb6d8758f64dbc7
model/geometry_backing_thickness_0p2_metadata.json,1870,f5cceb682fe008e3e55d11045e5ac80e767eb2c6d4b1278ec73b48810211370b
model/geometry_backing_thickness_0p4.feb,37057,bcd49143abb136fdc7b85597e4c370ead1b6886fb15a96d025172dc04ca887b2
model/geometry_backing_thickness_0p4_metadata.json,1870,cf3a7b35c08ddc7c115f510f25dc6d6cf4c9aa7195ce26949285cdf05e8b7c8a
model/geometry_backing_thickness_0p6.feb,37129,849f9d5a72c5f67c1434ff4ade6ef7c0d3b01df5386f9ca132211dd86c470f18
model/geometry_backing_thickness_0p6_metadata.json,1870,7d05de866dbb4bba8f96bf9fdd30150affe57ccae12e29c708905dacd0fb94e0
model/geometry_backing_thickness_0p8.feb,36913,aa3989e2559c55e13a84c9bb222046fd9e8bbde9896e88a6f064e067d311ff9a
model/geometry_backing_thickness_0p8_metadata.json,1798,a3878780c33f6f5297acc2e2ed27ac63b75e775c4d5ba9bbf7a10acede3eb716
model/geometry_conductive_thickness_0p2.feb,37063,6392af0dc417998f49e1b8df9a6160b7fc1c34c631227c49b77a74e7de48aea9
model/geometry_conductive_thickness_0p2_metadata.json,1873,7a1f9e9cd399d2fb22472fad62bf7adcf43e0bcb6291f024a4edfa9d8c7a0aba
model/geometry_conductive_thickness_0p4.feb,37063,ce4eecad5527abc1cd809f10fa7160b28bbf4f7feb2867b233044f186cd3dd72
model/geometry_conductive_thickness_0p4_metadata.json,1873,9d689e3434594f8a161f8325544ea8619e7827e7d1e27c01e98a5bfca5bc7646
model/geometry_conductive_thickness_0p6.feb,37063,41de29e3489eacacf69c986bf389d5573665328f3d5245b3645a95ef13f7376e
model/geometry_conductive_thickness_0p6_metadata.json,1873,8d7ec4502308f815b204ceaf0eb2ff8febff7f2825445686affc65939390777c
model/geometry_conductive_thickness_0p8.feb,37063,6471fc08cac06a34e62132ec876ce2fa50a64d59c90d00dd8aff0b3217af94d0
model/geometry_conductive_thickness_0p8_metadata.json,1873,16988c305505b262a97844aa2184870df1bd71ebb879739bd416119a4a88e5fe
model/geometry_interaction_L100_W10.feb,31820,0e3f105dd7d8035672e2d72453aaf6cd7d0c76bcbc2d4c556b1be291d5d1becf
model/geometry_interaction_L100_W10_metadata.json,3173,4533239063d8e50311285afbf8a914b4b9abd7c334ac9d273a3ffc7a38e3c21d
model/geometry_interaction_L100_W20.feb,36032,0496d8348b22ae9b3c32e21f9e19cca4cb414fef55c34b17f790e8e989638197
model/geometry_interaction_L100_W20_metadata.json,3641,06745b01f0ea982b56f40ea85ca39e4e6b746998c12d40b82736909c552ae4dc
model/geometry_interaction_L60_W10.feb,29862,2c0b2fbe180213837ea4dd007e1b226ac8b7a6c7e632f0933c048ec01353f821
model/geometry_interaction_L60_W10_metadata.json,2955,e4f952b3a0e23ecf5ece857fe188f0ba7da9b00d9c8fc368d436072c96b574f8
model/geometry_interaction_L60_W20.feb,32450,597e71abf1a607149a3827682d82512af0d6aba1e3af2755d62e5de22050a023
model/geometry_interaction_L60_W20_metadata.json,3279,fba93e0354e59b18a062855b9ebe5b0fda8e75314199aca57adc839c4fbfb795
model/geometry_sensor_length_100.feb,38465,ad8f18a459af34d9c83641662d8c2b165a599a5a41561e61caa0c8daad4b0113
model/geometry_sensor_length_100_metadata.json,1867,7636ccb4535269cda5ae9746d03768b5d524ad9c017058e907b754a6dc74650d
model/geometry_sensor_length_40.feb,34223,0523a363a6242b3e5bbda97cfc7b0fdff6f0ef2508070227a5c3ba43845820be
model/geometry_sensor_length_40_metadata.json,1865,17334eef7eed0fe446c9e8c7a77b10298de35c1ed23a6e65828eef9ac1b4636c
model/geometry_sensor_length_60.feb,35631,06b337c670148020886b0b6f8b061b056d896543184adf1efb7ab5d217518f19
model/geometry_sensor_length_60_metadata.json,1865,af8a155734e06ef3aa0a7bc3441c6df41bd99f544c15a716da255065e344ed05
model/geometry_sensor_length_80.feb,37047,22ac4b0fdcf3679b1d1ed8e5b7e55f184f4182b2665707f77ef43600db669846
model/geometry_sensor_length_80_metadata.json,1865,db3caa0f34975bf0bfdcf359d57967946cf32917ce10b9d394d4af2fcfb73c96
model/geometry_sensor_width_10.feb,30832,6473cf09e0877a549021ac1f2b3d958ac87d42c99c1c3738e0d6dca1dd7a31d8
model/geometry_sensor_width_10_metadata.json,1828,f4a1830d5e938ad834cc1b1c45efc29757defaeebe4c7310d77e5d73653d94ca
model/geometry_sensor_width_15.feb,37045,e3afab178ba5c8034e52ace355d9dcf170f7ec8be94ff8bf65f46b88b64b892f
model/geometry_sensor_width_15_metadata.json,1864,cbfdb9879390a4c684673fe5c732fa082b05b6446836bc66dcef5a41f7b17af8
model/geometry_sensor_width_20.feb,34232,e57e5659a72b8cbfa7e3f7e7f841227823a7a2aa9b763f9c04f261bd03d9d02d
model/geometry_sensor_width_20_metadata.json,1900,63bd5ff1bf86ed462156d176b7e85a0db2905b4f55cbf7971a1b60a7c7fd8d61
model/geometry_sensor_width_5.feb,33103,c3282ff079fb7167553e046ba4589ba0a77f73b40228e2e6e383ce3c59113e93
model/geometry_sensor_width_5_metadata.json,1788,b3e64016bea6ac9efeafda60d4c9b20ce49466e8740a32e6985143ef349caa62
model/geometry_verify_backing_0p2_medium.feb,232247,bee98d29639d1d5753671dc5c365ff62305f33e66d70fc889774a14b712652c4
model/geometry_verify_backing_0p2_medium_metadata.json,2154,56955a0d2733e65b0523ea6e86141481ed2ee53f30b5a5064955b3ddd7ece13b
model/geometry_verify_backing_0p8_medium.feb,231176,66dc77b6d3a512af875a1b9ace1c0d8dd93e64e5943fb9dc490265bad0e2b37f
model/geometry_verify_backing_0p8_medium_metadata.json,2014,9f8ed3dae61a52ef37fe6ac51f69e6a0010b0e369e10e159c4de37640b7d031f
model/geometry_verify_baseline_medium.feb,232003,cf05d26a02d2a2f996502a88704f2c560c7c4b7c52a355b0f9f722bdf0cadd8a
model/geometry_verify_baseline_medium_metadata.json,2151,dddb3bbfd437f7457c4a0a87d0c0a4a2867afd31977ca04e486acb99a6b11664
model/geometry_verify_conductive_0p2_medium.feb,232015,635bff0434109f7576b8c97c1a6fc4ff1dac40cc4735c995e9892d34051ba5ab
model/geometry_verify_conductive_0p2_medium_metadata.json,2157,eede95ffebeb310d549a3757e9fe44cdeae2517c4303fb9cd67323d67e7eccf3
model/geometry_verify_conductive_0p8_medium.feb,232015,fd33d455c8d086ce213479e3b8e356b8350f29b38ad9fd5ed45b5c9fc9ab2fba
model/geometry_verify_conductive_0p8_medium_metadata.json,2157,f05a34cd28ed788b584db7e7e2bb43c7762919fc28762593545efae64415472d
model/geometry_verify_length_100_medium.feb,243547,d92de8542751e6c68ed717927ae3ee94d4192bf2f31a065fc713c08fcd0c7645
model/geometry_verify_length_100_medium_metadata.json,2154,e6cc34a090c4e48a7e56cf8b0e172dbc4c967848171b1929a2984f5585c2ad5e
model/geometry_verify_length_40_medium.feb,209009,d1391d276ca5887e3b4f3dcbf4e16102ad1e57dd66e2d48f891c77a5b84a7e59
model/geometry_verify_length_40_medium_metadata.json,2150,04390833528531b60b612bfd0efbc001ac084d9faa2d9ff3835b335ecfaa7321
model/geometry_verify_width_20_medium.feb,246589,d968edefbe628b28e6e7e34971a56e227a83fd705215fc1234e4be7d40bdcba6
model/geometry_verify_width_20_medium_metadata.json,2271,d95bbebb17435ab6ff346efcf89dc4ea022290005a6c2057b5a4c13d4d3581d6
model/geometry_verify_width_5_medium.feb,202557,fa1a7b4c85305430a82a378136b0d76a259480752fdb9b787c62e953362b1c20
model/geometry_verify_width_5_medium_metadata.json,1907,ec1fc7e86fdee222f43f3788083c8f985a94d7331c37e544f5c788f087c1918f
model/identified_products_coupon.feb,37051,990ab70bff4eedf005ffd91562af6e5b460b26d1ae8c1e570bea41e475c2bea2
model/identified_products_coupon_metadata.json,1676,03d20f45a3b089765c51d475cbd3144df9fc06228681f434a4eb073653ac4953
model/interface_E0p01_local_medium.feb,983037,5ad07b0befabb79fd43319ff8d72eb57d4943133c41eb2e737b81abb00a32583
model/interface_E0p01_local_medium_metadata.json,15583,c935657f8475697df52afd0f5a8931a637299fc6c022d556ca56122a00a64a84
model/interface_E0p1_debond5_local_medium.feb,976426,1b762736640ce6b56d0d4fe96d1b104aa5259b051b3534b3a79a2ca02a7feba6
model/interface_E0p1_debond5_local_medium_metadata.json,15589,cf7a91e13182d9c3560e8163af8483f91519fe8cabdeb2ccad81804c11cb1133
model/interface_E0p1_local_medium.feb,983034,177c3f7146dc18f7f3429cf484023eb3e72020b60ab7c5565634040828cad615
model/interface_E0p1_local_medium_metadata.json,15581,731557ff75d5beac24e63aeacd24447f5072f7db8bb426ef1fa8762e5149fcf0
model/interface_E1_local_medium.feb,983028,0b9aacb3b6021a45e96149f8cb5ed0e364ed83d888f5cd1ea94013d44f5d255d
model/interface_E1_local_medium_metadata.json,15579,7d5490f1414409eaf2b20082aa21e507e89524ffc8ce373c26034c8d29dd101f
model/interface_perfect_bond_local_medium.feb,949084,e14d2ca381e5658cc99bc09cd4828ccb495afe34db66ef32c129c81b4133634f
model/interface_perfect_bond_local_medium_metadata.json,15579,4c56a3cab833e513d5b3b14a1e83a37f3a4878f7f5254576e78eb412db90f29e
model/interface_smoke.feb,43767,24760ac5aaf58895ba9f07cc1fd7f6c30e54d2d74c144e276bf45f7f19b08b57
model/interface_smoke_metadata.json,3329,b7516a4fcf442e806b15532b62f3b698a02faaae1309ca5b834e5f535cdd62eb
model/local_mesh_coarse.feb,161422,4fb08dadcb7262a0c873bff100a749d24bf9e2ba25de01042d0f4382a44f2e15
model/local_mesh_coarse_metadata.json,2206,3785f424ff9ca9ac61e0c00412e6dcc69a20f5eaaa33d8777cb6e2f215204c6c
model/local_mesh_fine.feb,5199645,0e85e4bc2735a20d1aaf7133897c08aaabe0a390632a7158b76e5a6514154864
model/local_mesh_fine_metadata.json,4541,78d0c608581f0351537165f02e952188c7e2ef05e1fb931a98adb627bda4ea18
model/local_mesh_medium.feb,948190,9ccfd890c8daefccdc5a0a4c310a51e141b5bd91d5646b2e4a28fc1552b59583
model/local_mesh_medium_metadata.json,2827,a5bad5cfe5c2df90541d763772f48917d8019baf55dfa11b15e64b45fdeb3715
model/matched_no_contact_0p6_coarse56_movement025.feb,542152,b53148cc84ac0cd2b8ed6359c7181f7da80aaafc11f879df073b3cc168417888
model/matched_no_contact_0p6_coarse56_movement025_metadata.json,2348,64cdcacb7081620c3a40b7ef522cb0d20a85c585ebce5e51a834328e89670898
model/matched_no_contact_0p6_coarse56_reference.feb,520275,c3c720bbd68ca133456468204d93bdf3d8fdf66f3553ec06a13154a2f1a8b8c7
model/matched_no_contact_0p6_coarse56_reference_metadata.json,2273,494d08f3dfd18136869ef74c024d07157f380f9bbdb8abe0d95accf23d07078f
model/matched_no_contact_0p6_fine72_movement025.feb,879766,dc5f9a8e7b6297f713b58bf044e4786a99d673af3e054809575d9c1106332433
model/matched_no_contact_0p6_fine72_movement025_metadata.json,2346,a452714e1add0b1ecaba65bd2ee1e242df12e379a0a5c1cae6dca28aacb0222d
model/matched_no_contact_0p6_fine72_reference.feb,861985,5537dd3d1be45f7d8a0ef70a47f8caef29e78f7ac8dd6b0abb6c3781d28b0675
model/matched_no_contact_0p6_fine72_reference_metadata.json,2271,4e1c8ea15fa248ed5ff2efd2bf9392054ea5e38ec043f31f9c1a45e1c123a28f
model/matched_no_contact_0p6_movement025.feb,686876,4bfe05be857ce19bd4242eed49aa01ebb66f2acf5a1014ae276cd5a7b334db0e
model/matched_no_contact_0p6_movement025_metadata.json,2339,fbfa44735febb62d2ea11f59a47f685049d3625adff39258171621ad7fe31bb1
model/matched_no_contact_0p6_reference.feb,650787,c3538c6f585951829954214c76268a980abd86aa38a796249b8f0a31de26365c
model/matched_no_contact_0p6_reference_metadata.json,2264,d29a11bff5a70726fd0f8b08d09b6749834ba2a3c5b6f1ca0db7f4a5bde30223
model/material_backing_high.feb,231983,82cd52807475a9e834b0784962f0f04b6b007db84bcdb17f80925351024d0982
model/material_backing_high_metadata.json,1306,0691625d51c39cd615edd2bc3f018227b518a720f0a7bf8f73953828bbd86fd3
model/material_backing_low.feb,231983,e4e6e7215cfd557abfdd2c2dd2f38c3c580562619a3ff351f6b923cd71e67ca7
model/material_backing_low_metadata.json,1304,8f5d4013a7c832aec87963ca3de3aa025bd02901bd7832946bc2d3e3d2d42814
model/material_conductive_high.feb,231991,0f60a4322658fee155f43883aca7f7f1add43c0dbf1f94f17ba1695f6a3c5a27
model/material_conductive_high_metadata.json,1312,fe236fc6584dacf03542a7c60fbd446bb1088ae62a3f36426c395e3d6316f683
model/material_conductive_low.feb,231989,9cf5b2bb0a4d3b51b3608057360a3b1d0b26c351080423a05ce5e419311d4bef
model/material_conductive_low_metadata.json,1310,8e38c1e16de9ea548bd80700ae1fcfb3fe32fe885b8f60be3798be2a1c0ca5f8
model/material_literature_nominal.feb,231997,ec1d783f53bbae998988a9129eb34fb69f03a85ecad595bd98874034cab38fde
model/material_literature_nominal_metadata.json,1318,af4c894762e7eee8a72294cdb929c8da05b7c3fb1e3d54c398233b85ce87e771
model/material_nylon_high.feb,231978,b7bd1bcac6222d7833a9c9521275786db079737cf3f3df9d3a2163d456ced276
model/material_nylon_high_metadata.json,1301,a47a431cb04fa299b5874816280789cba64fdc71f470246057e8cd81cc60361d
model/material_nylon_low.feb,231978,4ebd8270c6b9bd712f2799ed6160ac5a9a7afcedac3f430c05d0f440cda1c365
model/material_nylon_low_metadata.json,1299,8bf405db3279d22136d83ded1d3e4ebe062e5e431dfcb1b734c970f7e8c30f8d
model/relativeF0p6_full_garment_contact_s3_local_coarse.feb,365603,da64f0d2619ae6b9365be89ff200bb63dce7ffe23cae360ab6e17776c29e4883
model/relativeF0p6_full_garment_contact_s3_local_coarse_metadata.json,6172,6cc5815e59759be4af93d824167d49d8c36adae565c4a5ee85697d0e0c07679e
model/relativeF0p6_full_garment_contact_s3_local_fine.feb,6660913,fb38815ef1d2ac33bcadabe3d7eb8e7986689be77ee6047d9e0198437fe02f14
model/relativeF0p6_full_garment_contact_s3_local_fine_metadata.json,67862,0e9eba116b9fd6f0d509efb3d48683f79cfcb02b74296a14a59d12aab497ee96
model/relativeF0p6_full_garment_contact_s3_local_medium.feb,1506911,ab384a4d7960bc232b5fbc55da3028f01a5e5d909b57abab5ffd5e71dcc3d784
model/relativeF0p6_full_garment_contact_s3_local_medium_metadata.json,16233,43d087cb699f2cb99041d86e84e463e32207b77480c6c0ec0937b9d06e5fbf73
model/relativeF0p6_full_garment_contact_s9_local_coarse.feb,365547,77590ab74fea025c5b60dc3138329e5ca6e301e41bc892ff660c99884578a378
model/relativeF0p6_full_garment_contact_s9_local_coarse_metadata.json,6167,18698b2f2c542abe4245034afd69cc77982a1037876b56fe71b13eec1b22af93
model/relativeF0p6_full_garment_contact_s9_local_fine.feb,6660609,e4093610e6e4fba55eedfa598f061face1532c1b4c3b0c865c8f2ec2757c252a
model/relativeF0p6_full_garment_contact_s9_local_fine_metadata.json,67857,d1bd0e60709ba0f0b059ecedb6308f3dde33b0f7591c85da0676061e5def7697
model/relativeF0p6_full_garment_contact_s9_local_medium.feb,1506793,1df3c2eee5f70667113654d6a44a8d0236761eb0790a669ae2540ea1994f54c2
model/relativeF0p6_full_garment_contact_s9_local_medium_metadata.json,16228,0ec584c4d15a36bfa28a074f15fbb7a3a72698722bd02bc59712b7111d4e0ae3
model/relativeF0p6_full_garment_no_contact_s3_local_coarse.feb,364745,16fa163c61e0f2a0c8f21bb16285566471405603c321d22f3fbad8d53b0f1a33
model/relativeF0p6_full_garment_no_contact_s3_local_coarse_metadata.json,6164,ffdcd017709ecadc932f4ba9bf6220acde63d8afd9663db4ea9a54b4f86806a3
model/relativeF0p6_full_garment_no_contact_s3_local_fine.feb,6655049,80fee99b30555368f760416d3ef6450ad6bce32b7656dbc88238e6914ee01956
model/relativeF0p6_full_garment_no_contact_s3_local_fine_metadata.json,67854,c8df616e45948b540a10294fb486f2475f677397f4294a152391d0002a03e8e1
model/relativeF0p6_full_garment_no_contact_s3_local_medium.feb,1504615,8e3c421df80fd499ab19110d3f39cdbe8232831234e23ce0d97da2ad8c2b4d12
model/relativeF0p6_full_garment_no_contact_s3_local_medium_metadata.json,16225,283f9eb58e47cde39e24dbefe17728c60575bc8c93bde862366de63f14d86ff7
model/relativeF0p6_full_garment_no_contact_s9_local_coarse.feb,364399,9a07600c2c02f3eebbc758607619baff73beb2fb0e5d83e76d3abcafbecde295
model/relativeF0p6_full_garment_no_contact_s9_local_coarse_metadata.json,6160,ff5335792cd719d65e89739896d1a32f42c4b6a8d68d57a13716490fcbfd0ac3
model/relativeF0p6_full_garment_no_contact_s9_local_fine.feb,6652480,516ce62c6ad10a086c6a92974530c6852ebb79efd4375f12159c92f6b0e90806
model/relativeF0p6_full_garment_no_contact_s9_local_fine_metadata.json,67850,cf1135b892398a0ab6062e4e0607324c1a08506bb32ef23d728110b8d63c4197
model/relativeF0p6_full_garment_no_contact_s9_local_medium.feb,1503623,a8e6f8417760162820d71852213d4d62b712c9471e1f2663b66b6d992a20227d
model/relativeF0p6_full_garment_no_contact_s9_local_medium_metadata.json,16221,013c6d7378c49131976241482fc82d941572c20b569332747a0b989cdc98dbe6
model/shape_balanced_angle_0_local_medium.feb,1315433,12814f773c6443f4554f61139b42f51b1ddb0e6fc4150ab178d2dff389d8a33f
model/shape_balanced_angle_0_local_medium_metadata.json,15877,aae181dd3650630d10bcc3b1e85da9978e690bb7da12215dd874c92effdf8222
model/shape_balanced_angle_60_local_medium.feb,1332438,21f2bb8ce0eba84424e62cb83332d9adb3a88ff7158d3201c21eeed899e59992
model/shape_balanced_angle_60_local_medium_metadata.json,15942,572329e877db1d7b62bb45075b4bd51e1604378e5a9e295a4884f386cab735ed
model/shape_bulk_high_angle_0_local_medium.feb,1315435,b809b9d1093871d7d33a01178e9ec822cdffca108987f0a55c2d7875593b30c8
model/shape_bulk_high_angle_0_local_medium_metadata.json,15879,82ce36325565ce0affd1228e82ebe52e426e7cf8dceed341e0954fa783fd3c8f
model/shape_bulk_high_angle_60_local_medium.feb,1332440,711b497e859b4165030a714697d7df1d9489ef13f30b540a519ee7356adfad75
model/shape_bulk_high_angle_60_local_medium_metadata.json,15944,4814de556cd29b93020c3b030ac3f0366d4f39f850b085cf95fd76e1d89490d7
model/shape_bulk_low_angle_0_local_medium.feb,1315433,65271ad58e2496837a0e909cedcfa3c40240670f13829695ebf5efa5ff50f082
model/shape_bulk_low_angle_0_local_medium_metadata.json,15877,d3b37e012bb364c62974d64007db1b70e8ab671834997989521b2989037fa5e5
model/shape_bulk_low_angle_60_local_medium.feb,1332438,a9788738ee81be6ec47db1f6a154082fb78c3b60d860af79b9a40079d100e8d6
model/shape_bulk_low_angle_60_local_medium_metadata.json,15942,457a67f0bc72ce702faedd388ed32999b07028f3246921fab73aa3e3d5b34688
model/shape_c4_high_angle_0_local_medium.feb,1315433,65a7bdc25bc125c6a07cf4f5a4c9e7dc2a74eb5719c634c1f1c9219d9a816109
model/shape_c4_high_angle_0_local_medium_metadata.json,15876,16fd4bb7b9802b439b0756546f929a8cc06bedb42b1867a9ec7254178ab0a9b7
model/shape_c4_high_angle_60_local_medium.feb,1332438,92e79870c514553cc3c1976212d09630c54f5059ad3cf22aab3843541a4a9540
model/shape_c4_high_angle_60_local_medium_metadata.json,15941,10a450bc705efcfb4369bd59d2b6f4de431d8873b0f1641e7194d4fa3bc7678f
model/shape_c4_low_angle_0_local_medium.feb,1315429,41992bdd2d992f1f8297b2edac4b4cb80cfd2ae19789bf2634851cb92e8f01ee
model/shape_c4_low_angle_0_local_medium_metadata.json,15873,31c6e3abfa17dfa68bbf3c904757f1a406466d49ce9fb1c761b9780b9f6c725f
model/shape_c4_low_angle_60_local_medium.feb,1332434,798f540dadfbdf7561670c77f85c5346510c455da367333074c05a58794cfb46
model/shape_c4_low_angle_60_local_medium_metadata.json,15938,ede5899efcf9187cb312b2300b588a05e8abce5a74345eaa0d44ce27111264ec
model/shape_transition_high_angle_0_local_medium.feb,1315447,baaa407b39266ee14919faa495351ab0cdb7c790aad93b9080f317fbd49205dd
model/shape_transition_high_angle_0_local_medium_metadata.json,15891,ece427ed7b8a1fbb8e36ef032e1b1ed580cd04689b02f6fa04d40f21c0551f19
model/shape_transition_high_angle_60_local_medium.feb,1332452,6b216b2209cdf6eaaf480fb888ef8cd9e476c05453709829deb14e8c7857998a
model/shape_transition_high_angle_60_local_medium_metadata.json,15956,7e1038546c00214ab979f28b91cf130a506db0f904011f92b279425cfa28c60e
model/shape_transition_low_angle_0_local_medium.feb,1315445,0615f4a01392856e066c745e4764a0f039be62f32332713d9435f9356e0cd75c
model/shape_transition_low_angle_0_local_medium_metadata.json,15889,de5ab9e147581850f1172a9ae8581f7b4f352fe6027bbffa2f39a462a90373d0
model/shape_transition_low_angle_60_local_medium.feb,1332450,abefad94b6d66cfffb92fbf6e6329af41f1b8b344bb7824bbae3ad209078f376
model/shape_transition_low_angle_60_local_medium_metadata.json,15954,cfcc732d826ea433364d7ce97c7d114a555efde2ca288718f1916756b6aa7f8a
model/taper_10mm_local_medium.feb,949554,09e71bb2974b2faf6d3eaba7b1d8a0401e764080b9c1966fc5f8f57b602170e6
model/taper_10mm_local_medium_metadata.json,2894,f04a7dcb3693406a31837d7aec51ba338dbf113858c37e55dbaefff0448852f6
model/taper_2p5mm_local_medium.feb,948490,ee32f346791699f24cadce7c5c914d23dfec9a451c7753501f3a94bfb844eca3
model/taper_2p5mm_local_medium_metadata.json,2894,8d4ec1dc6aa2d469aac9cf61e2d55b5955cc1899e3fa49d2ffed11874a4ac2f9
model/taper_5mm_local_fine.feb,5212055,44455911ce9e62b931e49842d24ac4b11fb72383e659d2597565f26659a6b13c
model/taper_5mm_local_fine_metadata.json,4606,70bc36169e5a834cac270da508953d2573cefaca9202ec647e1ea2b06981ef52
model/taper_5mm_local_medium.feb,949058,89f0169586eecdbdd50c9297f8fdd867130b1967d4dec4c02ceba798fde16a42
model/taper_5mm_local_medium_metadata.json,2892,56bb057b8f2d36344ff32a7011c58a5f3ce367d52a9112acdea81807798b4acc
model/taper_mesh_10mm_tip25pct_local_coarse.feb,181391,f8e6adcfed8092f4bf39d5ff9ae764c8b20195d98bebb1fc5c4835bcf944f735
model/taper_mesh_10mm_tip25pct_local_coarse_metadata.json,5627,45a10004b078e553b3916c31934d09f675cbcd91433b90c1eb10c0e488bd9cf3
model/taper_mesh_10mm_tip25pct_local_fine.feb,5217085,e60ec9266fcafc2ead67bcdeb6a9ff962985244f7a2916af8c9665d17ab828e0
model/taper_mesh_10mm_tip25pct_local_fine_metadata.json,66897,8e7170830bf1619c7e34c5e105c91ffbc3eed779813e667c87f75a98a356a94d
model/taper_mesh_10mm_tip25pct_local_medium.feb,949582,14caa7441e0f741a14393e687f2cf6ae506750f0e97b4d971021f13a55f8ec07
model/taper_mesh_10mm_tip25pct_local_medium_metadata.json,15268,6ba8b6949d6593ef3344d79d3c9c774b291043ed66a271f35df49d8c294b4c7f
references/garment_layout_normalized.json,3238,c51889debf6e9531ec5bd36b3ee1862075eb99f48da6d9d80b73f7069933a7dd
references/material_basis.md,5216,6c5b7e7fc58db517a30de5f3706a50fdb0e44940c75720094edbe97ba722dd1a
references/orientation_basis.md,1265,6927ff52b75ca09bbe6e6c23dca8e073ed481b5983db1ac6a08575d3a952255d
references/sensor_layout.md,2059,5cfa8db55a9e3e3757fa62d91046cf900f96a6004fc4e5112e047413ea1d7360
results/affine_angle_0_local_coarse_summary.json,696,f1cd6049b6882f75a36a4cfe03b414a7de3969f803a249bada806d45f8958708
results/anisotropy_balanced_angle_0_local_coarse_summary.json,714,55101c1b869bebbfce715d73c6394a93c10102d67afff9f4cddd8c59c7485166
results/anisotropy_balanced_angle_0_local_medium_summary.json,711,96be206c8fb772613407aa50183a1dbed906b1275a01cc8c09e06dc19adc28c8
results/anisotropy_balanced_angle_60_local_medium_summary.json,719,7098a0b3e380cb4a85592189b042acd58e35dd0d7ec35a58eff69da9bfb21ea8
results/anisotropy_x3_angle_0_local_medium_summary.json,703,5e4faf162b21c3bf3689967e9d5741b68a891444a51a69ec10674204728074a3
results/anisotropy_x3_angle_60_local_medium_summary.json,705,397c1b26631282bf71fcd3c967a0199c28735a52649e85bd744905d6b38c6bd9
results/anisotropy_y3_angle_0_local_medium_summary.json,702,1101813d335184944aeec9aab22fe011e84fcd8c5c99d5881d22cde94b078e70
results/anisotropy_y3_angle_60_local_medium_summary.json,709,6fbb96f74a336650cea0d7128f5a2b7049d3639d0c72c89a265618070845e6eb
results/arm_raise_sensor_contact_aware_s10_local_medium_summary.json,1411,ba6e0a88299d4cd585e2641cf294670aa7f276f0c53cf84a0f0e9a63a2072dcd
results/arm_raise_sensor_contact_aware_s3_local_medium_refinedstep_summary.json,1431,b43fac69f153e0d4691e6371285b7de350696f6f43d6be49032f19c1e4595659
results/arm_raise_sensor_contact_aware_s3_local_medium_summary.json,742,7ff429784abd73e9afa61fa695b77c9d53298b9cd2ce11ff384fc65cc3418024
results/arm_raise_sensor_contact_aware_s8_local_medium_refinedstep_summary.json,1432,4b9ef80d478d4a62f5e664adb7937a02c5cdcde63d930413246c625650bafe53
results/arm_raise_sensor_contact_aware_s8_local_medium_summary.json,742,ce58f350c255ec2e6bc4d82fa3695b2e9feb3c41dc519beef31d1d30b0523bbe
results/arm_raise_sensor_contact_aware_s9_local_medium_summary.json,1414,244e02bf61a4ed33d084ce60f48d085c665e1782e9fdcb808daac0681e71dba7
results/arm_raise_sensor_contact_free_s10_local_medium_finitegreen_summary.json,1419,4df790dffe06bcff2798fd7ca3f571aa3f406db7c85a9b22ddbbe9701ed28827
results/arm_raise_sensor_contact_free_s10_local_medium_summary.json,1411,6aee9eb7819b5a7d4210f9f056d4ef6200f076676595c0e7376b3ec82088b10f
results/arm_raise_sensor_contact_free_s3_local_medium_finitegreen_summary.json,1420,3ec90fb756882e2d05695c93bc9d79ab210a62307e8363f307653688575a5323
results/arm_raise_sensor_contact_free_s3_local_medium_summary.json,1409,973651f57e2c66168a840d6cba3934a5070f12788bafd8309868a5f20d4f2ef0
results/arm_raise_sensor_contact_free_s8_local_medium_finitegreen_summary.json,1419,262fc2ca1a0e9577a9edb00bd14f0bda2174c0a3485a7ed43062e6b6643aaa7c
results/arm_raise_sensor_contact_free_s8_local_medium_summary.json,1409,f10b68bfb0aafc5258833ab53f0dfd505b8d30d216594b41b97bc34a0e0d2dcb
results/arm_raise_sensor_contact_free_s9_local_medium_finitegreen_summary.json,1421,7a796836609acb740e436b8e27812c933b2fd19c85198a77dfd435d32f295d62
results/arm_raise_sensor_contact_free_s9_local_medium_summary.json,1408,79f7695b7e172e6a87bfdc211f01b98639467aebca4cba148e63dc47beaedeef
results/baseline_configurations.csv,1052,59d60e208d8b70a268303713a60595bfa2a398d70a2c1ee9cca0845bcf07b4a5
results/case_manifest.csv,64263,3b7a4cda3f34f526c913af754f32ddb1c1d0d1be7856a14e838f9d18d8649e46
results/compressibility_literature_nominal_medium_summary.json,1357,33f72b9860ce9f6a176e94cb79d1451dc759f84b0a33c561b4c5fbf9be18c036
results/compressibility_textile_nu_high_medium_summary.json,1349,545bd743d538777edeb55cb0369ecc7202143544d53a439ed9d5155af8f0d286
results/compressibility_textile_nu_low_medium_summary.json,1349,474795f7ff7c1411c71200fc9e5fdf4fcbcfd847c43fdd7e478a61b0da37cb31
results/compressibility_tpu_nu_high_medium_summary.json,1344,b53b9a9f15e22a324abec1e82c10b7a73ad08c7dfa426bf7c54a732142d42632
results/compressibility_tpu_nu_low_medium_summary.json,1342,a23a8e46c49b5a9ae1ba9a4b196a76039425eaf8ae89933cb9ffb86787f7cefb
results/conductive_gauge_coordinates.csv,0,e3b0c44298fc1c149afbf4c8996fb92427ae41e4649b934ca495991b7852b855
results/constitutive_parameters.csv,12346,307b731fb2ed1612200aacd31bb4a40165cc872feb7024945dbd8b1e3d3f074e
results/constitutive_shape_sensitivity.csv,3212,626f1dcbbc31c8a3eb53c62998461ff8a33a28a592538daab959e3d14aa29e34
results/constitutive_shape_sensitivity.json,8043,869ff8fd2326e44566a1d0e97729465642305c06b5960741917176f6b38b2dbf
results/contact_aware_sensor_submodels.csv,3850,8e7f7e5be6bb29107694d103f79499a3ef6bfa70d2332641f78a49e730b4d828
results/contact_aware_sensor_submodels.json,11147,bba6e139f378d8710e1d36d40439b983183af9206de44063675cb0230e7e33e3
results/contact_sensitivity_augmentations_high_movement025_movement_summary.json,16755,9ff058914bcb2382a24136ed3c84ddf46f46bb2da173eb59027a337cd278dd8a
results/contact_sensitivity_augmentations_high_reference_movement_summary.json,16672,2fbe981b98c16e07cf0fc4e43b6456cb1b4b70095eaa08b79b332c1013ab65b5
results/contact_sensitivity_augmentations_low_movement025_movement_summary.json,16715,fb397fa3a0ed26ff7093884b6e6efb7926306dfe99dc5906a9b98061b00b583b
results/contact_sensitivity_augmentations_low_reference_movement_summary.json,16661,f83f3008b06f1159bc64ecf91d70c30b70059ec3ba4d0c1a2e9cd1b19e201dc0
results/contact_sensitivity_baseline_movement025_movement_summary.json,16711,a80dd4934f795eccea2c9417dad04655e565f3dcd3ff63e90d95ba3643b3be00
results/contact_sensitivity_baseline_reference_movement_summary.json,16631,6165f351a21211a0ba1f15705b23f82611358ef257d7be6c56ffd5654860340f
results/contact_sensitivity_clearance_high_reference_movement_summary.json,16273,ae5c937dbb6b44269a6fce5c0f668d2181f678d11f8c95141f5d126e36e49a76
results/contact_sensitivity_clearance_low_movement025_movement_summary.json,16705,7c3ba949c70e11d0b50b0e934c13a7452f7bc5302fcd1e982f0fd13a7d0feca8
results/contact_sensitivity_clearance_low_reference_movement_summary.json,16661,c480536533ab0d768b9809cdd85bf8e3420380043dcd6d2f630ae01adea8b68a
results/contact_sensitivity_garment_E_extended_high_movement025_movement_summary.json,16738,b27253bfef93cacbcbe45644dcb6b1384e2baf977a413dfc2f7f70e4029fb91a
results/contact_sensitivity_garment_E_extended_high_reference_movement_summary.json,16625,85d87fa70caefdd47913f0d97f19d9feb4a25789a38202cabccdda1e264d4b55
results/contact_sensitivity_garment_E_high_movement025_movement_summary.json,16703,f78da4654230b3ada610c20697dc4fab848073d4f67dee2740b28dcce03f3c84
results/contact_sensitivity_garment_E_high_reference_movement_summary.json,16651,88e090bdaa2665f5453614ae8b610bd9337931c4e3390a66ab4f93bf7cd86805
results/contact_sensitivity_garment_E_low_movement025_movement_summary.json,16733,c2d99d78e262df03c07aa46262459784fb52d8cd5d0b2bf9a0f05f2f5e9356b5
results/contact_sensitivity_garment_E_low_reference_movement_summary.json,16670,de80394fb229ca128933f95e624e1bb90789bb104327111b28d64deecf102e84
results/contact_sensitivity_penalty_low_movement025_movement_summary.json,16721,32a3fab0607bf8a99b93c0d5c5acde2545a5c530724afae3f5cd9f828b925827
results/contact_sensitivity_penalty_low_reference_movement_summary.json,16667,52f0ba64660fdcc78ee2ac436a287484bd4c215ce703033117d6a2b412300c96
results/contact_sensitivity_torso_radii_high_movement025_movement_summary.json,16727,923627e18e3e9eeba0796ce7cb705b7d8672e7104394b06a53f411f21cf21fdb
results/contact_sensitivity_torso_radii_high_reference_movement_summary.json,16638,0bc70a365a0ce96f52687c7287741e0fe90db65c696000283486900b0b88a118
results/contact_sensitivity_torso_radii_low_movement025_movement_summary.json,16749,578d1fd31d985ffaa4abae5c131fba760da3fdd279fa610d3e45594b9b2a7d27
results/contact_sensitivity_torso_radii_low_reference_movement_summary.json,16649,70844caf87f59d62643b4f154b1607ba91e4feb64b546bb8de0c5c7bd84db551
results/coupon_mesh_coarse_summary.json,513,98729da2eda5b2616624ca44ce3824c543d9695a798d52c2c126a7ad925526c2
results/coupon_mesh_fine_summary.json,514,01b863bdbe3ea22964cdb8231e92a59cd95a3edf8f31ec032da8a4503faa3405
results/coupon_mesh_medium_summary.json,515,bacae6383e8852f2387f24baad370284a5b3d42e39f073d0f3d0706d6a0f33cf
results/coupon_summary.json,371,52f691966675149b309e913ff2c05f2b7b23d7fee0e0174ca15b1509aed5f6e4
results/friction_sensitivity.csv,2981,1d1cae390d29ea45cc14861ebfde454b11c03628dd7cae5ff309d70692fe3e61
results/friction_sensitivity.json,8753,2d248e0ca68d671d4f1a9bd13557f5dc6d517d1466800984f8f03e1e87ad2329
results/fullfield_angle_minus_60_local_medium_summary.json,1386,bf04c484877d2034eaf1f3572a223565d5d47f02a248f70acede84130c8c7a61
results/fullfield_angle_plus_0_local_medium_summary.json,1370,9be6119f750269710478d6126907ad0905120c750cce4fc41c4e52923e07d23b
results/fullfield_angle_plus_60_local_medium_summary.json,1387,1665ff490784ab870296164e5467289824bbd6e06270706a9daf1151d7e0796c
results/fullfield_orientation.csv,1299,abda212356534c47f6e752473e5c7d6d18e6078767a9b6d8da50a7dafdba80f5
results/fullfield_orientation.json,2960,32f918a293100be2184aa44363e758b68cf079dee22b2941500efea0427467e0
results/garment_both_arms_raise_025.log,5597221,2b514900b3f46ceebaff17b36c560b7d5e1139003378cd09e6d920c9ae914859
results/garment_both_arms_raise_025_aug_movement_summary.json,5713,278fe05337b3375b8ad5d02fac183556e0caff86b3d48edce9324b3934388353
results/garment_both_arms_raise_025_extended_movement_summary.json,6364,ee4079fdcbf43839087d829d681789207036b9fba0ca07f542384832d938c99e
results/garment_both_arms_raise_025_movement_summary.json,16680,fa06ad2f26e37b5eb159c91f3ae1202fb1050a6264f7ff26d2687906dfe6636b
results/garment_both_arms_raise_050_movement_summary.json,6340,f5da831172411d73fa55720f64bd9b2143b69fd442618aac6441647826d290f2
results/garment_both_arms_raise_100_movement_summary.json,6339,cbdaeef58def07139085569b663bc6dbc335fab309d85c094e77d72265770376
results/garment_both_arms_raise_continuation.csv,5442,c0179672b465ed3d7ab24d3e5ec451b6bbc6d00abcd6625deab86201b0a4c5a9
results/garment_both_arms_raise_continuation.json,3194,34d68152d467df7f7462d1dbd2fd9a962b8928fd537f26e6fbedd8ead0a64159
results/garment_contact_equilibrium_summary.json,1052,5cddc31871349be108f6078bd8ecbc2d6dafec590f8934575f6050d624905884
results/garment_contact_sensitivity.csv,14430,7c7f878a9cd452ec660872eb7126a79d3d93038f7f87e244b8ea4615c70dc6ff
results/garment_contact_sensitivity.json,67060,fed21b669b71cfdb986c67816f7438fe457350d6677931dfba6f1226597d0af8
results/garment_fit_0025bp_summary.json,1043,6c5b4b7ee8a5abf1351e0f1cc0e5739c36da01ea7d042ec0c0164fffdf750a33
results/garment_fit_0030bp_summary.json,1036,7293a43293983508eccc2f6299d32717dc17e75736cee136718824c0741b3142
results/garment_fit_0075bp_summary.json,1049,a62c37f7a67fc3e10c852b2bc9c8eece6fe68773c3ca7ef4dece6b68009aa12a
results/garment_fit_0100bp_summary.json,1054,56b8d545aec2ccb5f58659c1a383f6d465a5c8554b98587c0b9177c7361f749b
results/garment_fit_inward_0100bp_summary.json,1058,9a9fd9cd7be348d4bd22f13bccef803fb767e44f566065330cc803e1cb56aa62
results/garment_fit_sweep.json,4070,cccae12c52ffab09dd963f96423ea29412ebdc944d6280ecb4ecbf3ffb070111
results/garment_fit_tensile_00655bp_summary.json,1053,a8fbd2f70bca7d4de413f90a9dc6d44e0c2eaec280cdc2d9d100d3efb9dde2f6
results/garment_fit_tensile_0065bp_summary.json,1054,71ebd526c3164604c3ba010a80058d5653a1f7999dbcb1ec15d05ab845494eae
results/garment_fit_tensile_00660bp_summary.json,1054,0559e045cf4a295a1599b845f2ca5ef0ca28f8bbb26e8867639a281e6dfd32a9
results/garment_fit_tensile_00665bp_summary.json,1052,184154a3b289dfbaf4291bfd0495fe1cef8b9faf31036d41e3af9d1f5bf84222
results/garment_fit_tensile_00670bp_summary.json,1068,e170473d15ed146354dfac150bb0c1419d0f8bda6780269244d9661c93697261
results/garment_fit_tensile_006725bp_summary.json,1070,a2fb57ca39cfd46da71f523ac15e7e7a8116d41984274be60ae22e3f8d08e835
results/garment_fit_tensile_0100bp_summary.json,1063,1b9f966015ecffe9988faf23b627f265c5135de1bbd639b433594102ff20df6a
results/garment_fit_test_9975_summary.json,1042,262caf7b1a584461ce299e4ff94656cbd2af62aaf321290309712c71ccf374ad
results/garment_fit_torso_expand_060mm_manual.log,2887251,ebe92f7a046d84e03f63cddcb2039c5ffd601de2fa3e6b8c9262655adfaed9a0
results/garment_fit_torso_expand_060mm_manual_movement_summary.json,16510,bf615fd6137fb57c96fc30a68f2326b60e2cc7bf6044d06590dccf55ad1493df
results/garment_fit_torso_expand_060mm_manual_summary.json,1756,a69d9e1de544fba20e79b6528c7391320e8651456798bf40cbbe6017e521fc88
results/garment_friction_n2f_mu0_025_movement_summary.json,6330,1a3d4588d87464ce5f9104c786453967f9ea8f7c3889889f111e73e781a157a7
results/garment_friction_n2f_mu0_reference_movement_summary.json,6218,4a6c20dcfdbc1172c5cd4a67976b289db8f30e252da25d348cd4a30ccec0532f
results/garment_friction_n2f_mu0p1_kt0p1_025_movement_summary.json,6330,236046098d7c3502963121d79c3aa51777a8544614ecb199c208937df742d32d
results/garment_friction_n2f_mu0p1_reference_movement_summary.json,6241,35838274d664c49a88f05afe35076d3e36fca6072ec73a17f5e1df6a0a098318
results/garment_kinematic_screen.csv,12593,123bef0da17ef29b49de6b41c4c34736bae602c08cf5a06c20028ae23707ba46
results/garment_kinematic_screen.json,10328,942641b251cc3f24cf88c0a0419039ea7c85d7e973e54fa0fd6e4e93a9596798
results/garment_mesh_0p6_coarse56_movement025_movement_summary.json,16717,63fafc2ca8833dab1f12f98d21225b5ada61046c0507a7ee79aa5905a05468c3
results/garment_mesh_0p6_coarse56_reference_movement_summary.json,16641,39060b746bb013103044cb21b340e8c4f1dfb9d71628393edf6e00da637caf98
results/garment_mesh_0p6_fine72_movement025_movement_summary.json,16700,009da5378638e84ae70a8763e6c819962e7d0e029f1de890d0da960baf1f0726
results/garment_mesh_0p6_fine72_reference_movement_summary.json,16619,2d44864e8f409a04a205fec1834158b9484dcac48bd3ce26e8e3f451f7f14ec4
results/garment_movement025_steps80_movement_summary.json,6344,b6eed4ddf29faad78ad5b9849adceebbfb92e5736a6ea463e042e05b8d339719
results/garment_submodel_both_arms_raise_s3_local_medium_summary.json,1412,9ad63793a07817e34ea983fde6d32cc09e914a007a8d9640a9384a4cc792a699
results/garment_submodel_forward_bend_s8_local_medium_summary.json,1404,6edc52d6451b65797b0d9499b57e915d09f8bc68b863649b9cd0bbd9c8192f9b
results/garment_submodel_left_arm_raise_s3_local_medium_summary.json,1408,99bc2ff8ade772c164c638651bcb14cd4110c02720a286f2fba5b46919558402
results/garment_submodel_left_shoulder_touch_twist_s9_local_medium_summary.json,1417,490aeb01ebeafa1e920f4cebabfdeb04134dd6685ff32255791c1e028b1b9e93
results/garment_submodel_right_shoulder_touch_twist_s10_local_medium_summary.json,1422,319cdb8bb6905450847a003d86069b38d69dbcdab74aa9b8f661aa22ac2aeb5d
results/garment_submodel_sitting_s5_local_medium_summary.json,1400,93914f1ebedd278f5a4399cf15ab29c890dce9d6d0e238e27ca110c5ca99df6d
results/garment_submodels.csv,2114,8911a3eb30641af7ba29bb9f6169f3e8e8cfbef08284a72b137be392bfeb0192
results/garment_submodels.json,5367,fa8de945496bd89776c091f6557a4facf3b1d329b76054fe1b0322fe3953b88b
results/geometry_backing_thickness_0p2_summary.json,689,ffe5917ac6711c587dc9c89091b75a49139c0f037f534aeea71aa97131c08ea6
results/geometry_backing_thickness_0p4_summary.json,689,9d8ac56fc827eae26575c2fb37beeae386a4e0df9dca6519ba37cdd551e47543
results/geometry_backing_thickness_0p6_summary.json,691,13cab138424c001c3cdc5e8e26b8dbf6cdff7f9820d3fd2aa4427792a687c589
results/geometry_backing_thickness_0p8_summary.json,690,add6ae3231f66de3c7bef1108c6f98f428780bfdf5b3e9268c8f97b7424bedea
results/geometry_conductive_thickness_0p2_summary.json,691,8b5bb98e14e46ddd41c4015db18dbf7a7e8c57b4a0a840315f70d3bca431af32
results/geometry_conductive_thickness_0p4_summary.json,692,6fa78b1392e5a255dbbc258e16164b356f8f9534936ae5df5fb063c3de935676
results/geometry_conductive_thickness_0p6_summary.json,692,52e7343dac6428356a21cf861e0e1a2d18f898ee444752dd7514eec516d08141
results/geometry_conductive_thickness_0p8_summary.json,693,b126c19777a37b9d3cf27b4513831d079b12f227c9f129756f727f32a6d1f3f1
results/geometry_interaction.csv,472,ead8467d5b2ae54e6876ca2fcace86335c332ffa57637a869cfa7414a2d075bf
results/geometry_interaction.json,1453,16f7733f010aee6f3519e963eef8db3bfe3bd838dc2a2a05e5868d893b18f94e
results/geometry_interaction_L100_W10_summary.json,1346,47947c49b31d5e675a161edc4ee9c3e390b69e7282de439fd7d20ca01c027a73
results/geometry_interaction_L100_W20_summary.json,1347,8f5b86fc5faa34f63078174989aa4416d7f97986943da1208821318a5903984f
results/geometry_interaction_L60_W10_summary.json,1331,17f5b227b8ae9a591b2825debe3f88b3f1740f6d6f19cbcbe1202476f6215381
results/geometry_interaction_L60_W20_summary.json,1330,27251838f0b31a2aaab289c59488486508b35d808137899a738869f174d64e1f
results/geometry_medium_verification.csv,1205,fb03e7d5d2f75d7809452a30eeedf97e46c4d34c183777f9faf7cf9b8bf885c5
results/geometry_medium_verification.json,3418,df79945417d279aebb02dbcba0b6ea2cf5d80fd9a151551ef93335e7c28f7fc1
results/geometry_screening.csv,2490,a7637569f38ba3e2620ea98c4554eb9a8ab14cd45fd35f491da27d2873fdc996
results/geometry_screening.json,7594,fae6e1a80fdf486c1b6aa2e665ec253ac9aab253974452f61831766eb68ac032
results/geometry_screening_complete.csv,3170,6fb9c0ba942550a0c61b98cb22fa27da6ae26b1952c38bf5f34e0a842d8b7b14
results/geometry_sensor_length_100_summary.json,684,20908e3489d885a3ebc4a993bfa8f129c630015558ceb7a10caa30446bef49c3
results/geometry_sensor_length_40_summary.json,685,35447732ce96d03f5cf05d5dfdb574576f8122b6006ff0aa44e64ca8e269f86d
results/geometry_sensor_length_60_summary.json,687,8a8b9a20d67189ff28ac281850fa82d14e2fe3ba5ee7dac8ee9f6d81c2a02de2
results/geometry_sensor_length_80_summary.json,684,c2fbb941c16da8bf82ba90910c14badf84d120a5b6b17209afd31c53ea2f9c26
results/geometry_sensor_width_10_summary.json,685,22c76054b8a0d74c35cb922b0e5c18febe3bfaf68c67da07cc3cc9ea29e65a66
results/geometry_sensor_width_15_summary.json,683,96749ef58b721a7a8d0dcda4ff994401783f9e5c920d7461e37d0807aef7f85f
results/geometry_sensor_width_20_summary.json,686,cbc4d8b36572d1a8284ba4ea36d00e862867f6561fc3bc69690e5d915cfe3f7f
results/geometry_sensor_width_5_summary.json,679,99bd5427049940291f7b74a12f8ff8c071d9033dcc800e8ed86c3c554167ec96
results/geometry_verify_backing_0p2_medium_summary.json,697,650792f78ea239c0a319d147edbb68e7f4ada7da54727ddb7a6d03a5ba26f726
results/geometry_verify_backing_0p8_medium_summary.json,699,7cef9e9b6dc8170cfc6b44578ddc680e6bfe568bdd944b2be719cfb5a75d8074
results/geometry_verify_baseline_medium_summary.json,692,555f8d6829f084eb37bb59d6e76cd7d413b89fbf07eb1717bdd335388e1cbba6
results/geometry_verify_conductive_0p2_medium_summary.json,701,02e17c3c8c82421090fabe059d0a95a056df2e73336b117d85b764b1f83a3d86
results/geometry_verify_conductive_0p8_medium_summary.json,700,916ee374d8c16f852e47f00a4970714696124a99ac046bbb670c95731002378f
results/geometry_verify_length_100_medium_summary.json,697,0ca87b44538b89f9252cd65ebd383ef9d080f0e7d41c8bdea2603d44ee2b500d
results/geometry_verify_length_40_medium_summary.json,692,0e045c17aeafe6525534a007f9af4febae5b9425368f54cbf4b2aa21a2fefc42
results/geometry_verify_width_20_medium_summary.json,690,4672afd82d31b027c71702715c6a04e3b2cdae6854f08a329c26a6eec1b6836d
results/geometry_verify_width_5_medium_summary.json,693,9b84ec7de1d4debe464497aa953130e21361c080a22aff9e72dbc83a7d3bc5f4
results/identified_products_coupon_summary.json,685,59387f343387f43af65a0cb9ccc2d659215ea5595bde1712c7db5ac4e07a74ba
results/interface_E0p01_local_medium_summary.json,1364,bb2352354403de8bbc1963d1cc8891ba37969b02189c545daf50f3b1f9ccc2b2
results/interface_E0p1_debond5_local_medium_summary.json,1372,78020804cb515da07f1f13afa516714b130bd4126db7a5b2ef4bb2197199c19c
results/interface_E0p1_local_medium_summary.json,1362,5335e06682d96c635584784c954285c2c81bb596d65dfababcac9ba2548ac1ac
results/interface_E1_local_medium_summary.json,1361,30eb9a6d3d1b5e55213e88ffedb185c56d785bb356552618ee9b5b15d5b61b84
results/interface_perfect_bond_local_medium_summary.json,1371,c7be335bbac179259d1d9c6d675413318d3b75221d32594b835477fbb54c84e9
results/interface_sensitivity.csv,1073,189e5da9788e051b299935a005cfeefd3480ac30fd8420df9141aa3f2a90a831
results/interface_sensitivity.json,2638,f4dd539629cf10dc7092e4e3af5cdd038b949e94cdd2ed9ca05098af666483f1
results/interface_smoke_summary.json,1342,2c28a73a95d4f51b836c55afa010bde719805303a54b58f13705ee6a160e161d
results/local_mesh_coarse_summary.json,687,a6df7d42a2f9251b6c8d76b33aff48b904481a26cb4d5ac9a139321af45752b4
results/local_mesh_medium_summary.json,1338,35e9696b2a1b05252c9687838defaeff3eccc336e2514fa19b78a2b296f10201
results/local_mesh_status.json,600,6313d61ca7ac516ba53d57cc950df8c29d2708f9c785be118d411bb4fbfa1f3e
results/matched_garment_controls.csv,15776,b1313a4806d3915d9b0c0411c23688adf2da92af6da61703e73c36aec8933536
results/matched_garment_controls.json,75171,05307032210c85620f9fa7a10ad52de0629b1f543c6ada85a9343be4bcd91ef6
results/matched_no_contact_0p6_coarse56_movement025_movement_summary.json,16197,e2d4dead67407894f57a7619c80930b00442fc404279c225d93333b1a3727be8
results/matched_no_contact_0p6_coarse56_reference_movement_summary.json,15675,a1faddb8c591e71bf63e66ae38e1ea482c5fe2b28bbeb9fd1dae68f7ed2d5bd6
results/matched_no_contact_0p6_fine72_movement025_movement_summary.json,16161,2a46d59ab5fe1a9bc86af691f20eab09db39f9ecbc2a00a2c191c87441ef64a6
results/matched_no_contact_0p6_fine72_reference_movement_summary.json,15733,64ca3bd67b10c4c9e992d4960b0e2dcc55d3a1f1a446bd48cb86fc7b5123cead
results/matched_no_contact_0p6_movement025.log,2917321,9389669b1edd0bcdc5b2604eeb52d7d5f7dc030f39dd4ecad6b524c5475f3ff1
results/matched_no_contact_0p6_movement025_movement_summary.json,16135,f5e3865d7c814bfe4e0c9eb810147314be92e3d8ba70f735b79ca78b31fdb204
results/matched_no_contact_0p6_reference.log,1220764,44b1ccc9f7a0e22eda8c1b6c51c865f9562778d1dcae62e1caa4ef50d651c7cb
results/matched_no_contact_0p6_reference_movement_summary.json,15265,fc05398769045f8d0743cc2515edb07753e88c63367854e7c88d5e435289b9e0
results/material_backing_high_summary.json,526,a80de54b1783ebebbe8bd0b68d89e388f2c82ef21c7c99e96011ce4cb969746c
results/material_backing_low_summary.json,523,d341564fa4abf4d035546d55cf8409e397a59e6652e6346bb4e52ab81121e37b
results/material_conductive_high_summary.json,531,9ead7a69e2c00321c5f979886c78661c4437fe40f27dee87b2f710bc46b3db49
results/material_conductive_low_summary.json,528,6b97859a9f183b51ca7e800cef34d8f8783620c97315d5101f5abc8a6b6cdd0f
results/material_literature_nominal_summary.json,534,9241f89576d0aed252f841083355e48428cbcf6968484b9ccd307218eb497fdf
results/material_nylon_high_summary.json,517,cec3ff9b5288a3757e6e7618fb25a943386e747f0e9cb910d0841628758848f9
results/material_nylon_low_summary.json,520,de690f260f64c872b2241c5fab8be8801e2b5b6eb9324fc8e9578218401f83fd
results/material_sensitivity.csv,815,acef264399a33228d7842fe3abd23aa8a646f8557f4aa76d9c2678381fc8a617
results/material_sensitivity.json,5057,5839e87019c258349c6c3f3c3aab8d5965f9392b4f73a8ae732c5855758d80c9
results/mesh_convergence.csv,440,5f8a69fc61cf909aed1d6aa2687f32c61963fc7917c1cbeff9a6981b5621880e
results/mesh_convergence.json,1881,19ab9d23d142d395f6cc5b3ddc33244f30b9ef62198b803f1284f6b6dd5a918e
results/mesh_convergence_metrics.json,336,3b275bec65b92bdfc5857282d77d3499257a2a2395c63a526dc0ba480198862d
results/orientation_screening.csv,8396,4e1790f128466d089272b2a52a42a8ff8ea67e0f9b378712cb1980822ae9f88c
results/orientation_screening.json,3980,0e41d55b653dfd6b8e3041b3ff8ddf7f4653ebfb29965d75e216d6fc692f450f
results/relativeF0p6_full_garment_contact_s3_local_coarse_summary.json,1422,7456e617b033cbd384a6900fbdeac8127fdc0201220448544d3cbb693dd2eb45
results/relativeF0p6_full_garment_contact_s3_local_fine_summary.json,1423,4c90569da4e70dc1e2c27c22f3b015d4e00296b1dc9bae4cdc5cefad19af6ed0
results/relativeF0p6_full_garment_contact_s3_local_medium_summary.json,1419,1746b82d5bbc1150fea8a20bf50bd87c1a8110a8cbc10cf842c5ec7afc54bce3
results/relativeF0p6_full_garment_contact_s9_local_coarse_summary.json,1415,0158b9ef3adfcf849384ecfa5150e0a377ee150c82ff475c48ac81d7b343299b
results/relativeF0p6_full_garment_contact_s9_local_fine_summary.json,1415,b5f18a156be7d9ddabc8bb5f5ad1ee8154bea41f9f010c27b376d40d6733dad0
results/relativeF0p6_full_garment_contact_s9_local_medium_summary.json,1417,b11c80d6e3ab2536c51514e222b7f105bc5c8c141c757cca0d6c1a51b58512fb
results/relativeF0p6_full_garment_no_contact_s3_local_coarse_summary.json,1428,7994419f7236c19c3687075ae5d028333008f259e4fa9cb006183f3a4111a5bd
results/relativeF0p6_full_garment_no_contact_s3_local_fine_summary.json,1424,4e34730defa397e1dd0ead37a926472cc0708f09a1c453a32ad16293bd025440
results/relativeF0p6_full_garment_no_contact_s3_local_medium_summary.json,1425,eb5efd9365133d24da411c01752eb8c2e70a6b7883ff1168f842f1c8c0582752
results/relativeF0p6_full_garment_no_contact_s9_local_coarse_summary.json,1421,abb9157c2d8936b2d4a0e3db711057f8a38f5aacf509cb21016f57d3ac586c54
results/relativeF0p6_full_garment_no_contact_s9_local_fine_summary.json,1415,ca56163e64c97992becab4bef8164f28652c7eee014e153b3743488eec020131
results/relativeF0p6_full_garment_no_contact_s9_local_medium_summary.json,1421,36f019e1e86b02ea2b204a89bf4ac46e7fe03b6b9d07c69829a1e82d2bad92cd
results/relative_F_diagnostics.csv,952,1b24017f7db99f34a59295f59a97e64030b3d6abb92bcf238ef0bc18401619cc
results/relative_F_diagnostics.json,2263,da175f1a8ed2ff2bcca9822b08ad116d9f505ac36e0433b3b16f0d97020b3610
results/relative_F_sensor_mesh.csv,3055,c634bf82bbc93622e83ee9a9c8ca829e53237fe374bc71ed5349db75daa61b1f
results/relative_F_sensor_mesh.json,9355,83e03436f967f8e6e1319f3447cf3ae232e5ff04d363a347633224aa93ed0c87
results/shape_balanced_angle_0_local_medium_summary.json,1376,1b92cd7d98dd0baecc9d61c6e481e8ad5aeeb9e7831dc84c52323dea3d165a26
results/shape_balanced_angle_60_local_medium_summary.json,1387,0d25a825d6c28ed830bb2573c19799230c855dd1731288f026f3f2ea068d203d
results/shape_bulk_high_angle_0_local_medium_summary.json,1379,06fd2aa4821f29fa5d92b241b46c4e93c94276ec0e547a236af2aaceb807d236
results/shape_bulk_high_angle_60_local_medium_summary.json,1387,9f4254a72dc5bff585925cb1a65b58f52b3533d82c43d9d650d6b1f3402ce83f
results/shape_bulk_low_angle_0_local_medium_summary.json,1375,b785363489299aabe872b3284205d637f81462088a52a5b4bb35460ca0ae11f5
results/shape_bulk_low_angle_60_local_medium_summary.json,1384,d330aecd2139b4e22a3e3782979b94326b0a5fcf5408c3a241bc9f3a16702f58
results/shape_c4_high_angle_0_local_medium_summary.json,1373,6926cb0af921aa2b412b89aa89dfec1e356d841b517b2fe3fa4d422dbb5be4ce
results/shape_c4_high_angle_60_local_medium_summary.json,1374,f0734b6db457eeee97e791dbaac5587a0cbde48179e8f2504e8a5c7f656c7d1e
results/shape_c4_low_angle_0_local_medium_summary.json,1371,e7608f5e2e5a8f23af65b8b37f78785e5d2c30d87854dacc0815be92b6377076
results/shape_c4_low_angle_60_local_medium_summary.json,1379,4f694030bbbc6b8ed449c0fe44e0cfdbdc82c413957bf3a979276550bb5465ad
results/shape_transition_high_angle_0_local_medium_summary.json,1391,691aca9f4711ff2a7d00f5d6e2bc4f53875450316d1a6161bc10f79595087b12
results/shape_transition_high_angle_60_local_medium_summary.json,1402,a2430c58c8724a7518912ce1a849d845e0e137f1020a997cd5f3a5228454083b
results/shape_transition_low_angle_0_local_medium_summary.json,1389,81b0e3b7bd2999247d3c4114f31b91f169dc0136869d5e6f525089a0141084a3
results/shape_transition_low_angle_60_local_medium_summary.json,1399,2b9f6ef9d324697d85871c1340ef23e03d7c0f5b7b55e461e440343358db7e02
results/software_versions.json,145,f4f6eab36420e69194076c72078c693ee2b5cd7b3e2e850eb684bd6c5a93948b
results/taper_10mm_local_medium_summary.json,690,b767d4078f05c1bac65ba1b65c61ee0278a4ec6b2053f3dbf84cd6dd033768b7
results/taper_2p5mm_local_medium_summary.json,694,8c688017f569f87a88a2b94cea773d4f5aec237fb26dfc4165134e5f9388d242
results/taper_5mm_local_medium_summary.json,1358,2350d34fb587fb66cc016cdfd67843b21c22fa751b4daf249279d5ee89ac2337
results/taper_mesh_10mm_tip25pct_local_coarse_summary.json,1369,d8f331a1df616511ccd4bbe713b65e46bc988e17f42f26e6d0cb7b441871b9ba
results/taper_mesh_10mm_tip25pct_local_fine_summary.json,1370,80b2e6e6a0eeb7dcfbd34a2bbb1b877d151f7e6274cd61a3246ad27d6ff5d50d
results/taper_mesh_10mm_tip25pct_local_medium_summary.json,1371,1ce6caa59b3d95083dd4fe1dfee36abc384830f639bf14dd3ae6e5eed3d97cc3
results/taper_mesh_convergence_10mm_tip25pct.csv,806,31012236686231c00cc199e446f2eea623b106f9ef41e4f34d0df0c7918ff349
results/taper_mesh_convergence_10mm_tip25pct.json,2667,bb0c2e592f684f51e66bbf777cbee546a6aa25dec3b18b86066c0401b79421cf
results/taper_mesh_quality.json,1370,286ce07e8c6286463e56f1513b096833d4a9188b72b6af44326ea1318902136f
results/taper_screening.csv,538,fb6aee731a2f38e4714f79740c6c43f53e7e38100877e4535c573b98a8eb2761
results/taper_screening.json,1220,0a8b2ce9ee153a505a46ce9512221c387dae7531339d37b27aeb54c7e58b2530
results/textile_anisotropy.csv,1084,0006e87207a41c14cbbda323800e92deef006f2d6e23fdf7043f9ae1735194da
results/textile_anisotropy.json,3004,ced059dad59c195e937342a4855b53125bb04429fe566f3e94751fd271a2d937
scripts/audit_taper_mesh_quality.py,3004,5562076804e69a4ebe4fd8e8b1f095bf5c299247ff5e2dcd849f56f8785d464a
scripts/build_friction_sensitivity.py,3394,f36cd417a4062951cfa4b8269e273c9277b65922150609eadd567250a95cd3a6
scripts/build_relative_F_diagnostics.py,3736,010162464ec2c0768e3e0db877d00e917ca22599e8d91abcd3d4f5aa9fdc4b34
scripts/build_reproducibility_tables.py,11534,405b9d1bd784509dbf789efae942acd59a0f86a1a50c891826a20bf14623537d
scripts/compose_generated_garment_layout.py,4941,d5587b9c90bdf4d43014ee4663ad384dabd33d185573ab2675d14cb7ec69b59c
scripts/generate_coupon.py,36828,2693b2117fdade5575ce74837900780be4e7a225de458991fa304481179f2fe2
scripts/generate_garment_contact.py,29209,0163c5f7cfa0210629c592edcf433c31db45327eab8263b1dc9075dd97d0e28c
scripts/plot_contact_verification_publication_v2.py,8350,30daa1ed8ea89ba503fa894e8011d9b4dd3c8d08070e6d9a0a848821af00091d
scripts/plot_full_garment_reversal_field.py,5107,ec9c406c877e88d934525c1beb2ef1d275edd516142cf13e503a4a531894a93a
scripts/plot_full_garment_reversal_field_publication.py,4678,3544ee7c08a3aabba93d47eb2435495d78d41504bb20e27164bbbd398e1ccf8b
scripts/plot_fullfield_and_anisotropy.py,11075,2f85c0ca13fd0f0d64b7019e4f0162bc065f2ff04e74c54de3aaf0c07ae0cd90
scripts/plot_garment_arm_raise_continuation.py,8198,b56c55b8d6b9f6a0d9b2a7ded73482343a5066a11819f602828fb10838ce7a00
scripts/plot_garment_kinematic_signatures_publication.py,4058,6cd5b96c088a4f13ebb2ab40209464251eaac3450fae7a524d3bb8fd81f9d0d7
scripts/plot_garment_layout_publication.py,8273,2017a09a9f17af2a641c021f9ac900ec818e6613a32403cb98bbd0e6ea3f8b2d
scripts/plot_garment_submodels.py,1980,11999d0916f5edfdb4a69dc6c6e556828f34bcf479c2610378c6413dfd568633
scripts/plot_geometry_screening.py,4876,203e2e38aca93a8fce229c33ecc1a189468b4d942ab3d1408ea8690a811557a9
scripts/plot_matched_garment_controls_publication.py,6754,49c3dcb4c00e7223c10e87742ae35a13ae1b33c45ad3a5375814e92f72920fad
scripts/plot_material_sensitivity.py,5037,94c2a814c9cbbdfdf1786742dff39b98e9f640f4205ef3af026555596f3f27f3
scripts/plot_orientation_screening.py,6926,f7344e6bee491d89d992838c542e733acd34102728389a01d797d03c2f5eb345
scripts/plot_relative_F_sensor_mesh_trajectory.py,4513,370eb253f225013d5c86ce1ee5d44200a4d6d906db3f59f44f364dcd884d8bcf
scripts/plot_taper_mesh_convergence.py,6043,922d886aac6f3872084b9bd005cf6b369614db6f3a57766094bb3ea277648cb6
scripts/plot_taper_screening.py,5930,adeb90a14e933423a87c0fc68cafa8c1530be1d38ae565126b3138df2c3de288
scripts/plot_textile_anisotropy_matrix.py,9046,86d3dcc901b5b5f6882ce912a66b2e2f620de2fefc53256a576f4d5c282efc79
scripts/postprocess_coupon.py,8849,93a5306e708dadb491ffb7c9f1f741aca1637cc056ab7befdef40c4a97cf2eb5
scripts/postprocess_garment_contact.py,10874,4d2ce12111d4ce35dc87cb733513061d534f97adff6c87f3529015239b5031dd
scripts/postprocess_garment_movement.py,13539,ce33441f4e71304fd3c5be0677704915978bb522b6ea112ae2a5081e30019df1
scripts/run_constitutive_shape_sensitivity.py,5208,2717e8722d02342d1c6071e5970e40a1b35129e41040639b2646f00f4a647a81
scripts/run_contact_aware_sensor_submodels.py,12398,af8eb48237108c36790320a390b6e558675fba1e7a91eea457fea84b5e1438a7
scripts/run_fullfield_orientation.py,4401,89ad51597ad73d6738f42113c52b37646c699a9e6940735248a466de7ce192bf
scripts/run_garment_contact_sensitivity.py,8361,78e3e06857942d0e1204b8f028f269d7652709602544ecd60e4bf56f415e480d
scripts/run_garment_fit_sweep.py,3628,868452ff4fc2620a10fc4021a7ca046b5de3ec4fd34f8c9e8e2e01c91bda7e92
scripts/run_garment_kinematic_screen.py,5981,2825d26fac63e07753a5cb8fd41828bbda3fd3c744438a2f440335f92837d89b
scripts/run_garment_submodels.py,7771,b545ea2f15747ffdfcff75e1459ec5a5053712efd58f6f5c854bf041b0a63c07
scripts/run_geometry_interaction.py,3259,2a534245f00d2af7f48be35d2ecfaff8fa28551b1ad6a24501ea341ba2d4c312
scripts/run_geometry_screening.py,3038,626e40fcdbe557cb372998ab2bb6fa5b16e61aa39a1ece26ab4ead2c7906f128
scripts/run_geometry_verification.py,2607,92991fe37f029c93fa344321b8731abea91eb0df19c1762a3d53aec66d36efeb
scripts/run_interface_sensitivity.py,3976,e1e62299fcd6bc1b288b76ff7bd7cae768c707fcc3d83633553b08bc6208ff75
scripts/run_local_mesh_convergence.py,3837,413a04a311d8edda48ed0543fe22b1343f92035a816d24968ec23fb95152669e
scripts/run_matched_garment_controls.py,10299,f548a95f3372b884ce4cbcca344d7d24780b755ab17a5fe7cd7fe75d1fc5e3eb
scripts/run_material_sensitivity.py,2857,7f81f3a3de3c9c1fbcdf0a6b106c6ad12d9ae48849d4721d11af26d2971a68d9
scripts/run_mesh_convergence.py,4173,6c258d54777016de97525a672f40132697d825e70d14fabb14fa79d3d06c64bb
scripts/run_orientation_screening.py,4754,3fd2c63021f8d1150f129f3f86f9fd490668c18204d2ed9aa771b2cccff623ca
scripts/run_relative_F_sensor_mesh.py,7312,0a3d05ae8ee970e578a98a6bec06d65157ac5c3353366d226ef76f5d69461a1e
scripts/run_taper_mesh_convergence.py,6409,e6a2b59ffd4ce39af8ca825e6c1efc8f421e5b1ec159911d9d9eeb9aa54f45b8
scripts/run_taper_screening.py,2569,12823f6ca996c9987aae451839ad27edd0eb9aafeb2f1d5724ccb3477336f35b
scripts/run_textile_anisotropy.py,3869,b6e8282bed2a5b8b60c6e0754bb7ea3310d03091857d012635e2dc3d158ddcf9
