backing_thickness_mm,case_name,conductive_thickness_mm,element_count,log_file,material_case,maximum_time_step,maximum_trial_negative_jacobians,mesh_level,metadata_file,model_file,movement,negative_jacobian_trial_messages,node_count,normal_termination,sensor_length_mm,sensor_width_mm,summary_file,taper_length_mm,time_steps
0.4,affine_angle_0_local_coarse,0.6,1328,results/affine_angle_0_local_coarse.log,literature_nominal,,0,local_coarse,model/affine_angle_0_local_coarse_metadata.json,model/affine_angle_0_local_coarse.feb,,0,1836,True,80.0,15.0,results/affine_angle_0_local_coarse_summary.json,5.0,
0.4,anisotropy_balanced_angle_0_local_coarse,0.6,1328,results/anisotropy_balanced_angle_0_local_coarse.log,textile_fiber_balanced,,0,local_coarse,model/anisotropy_balanced_angle_0_local_coarse_metadata.json,model/anisotropy_balanced_angle_0_local_coarse.feb,,0,1836,True,80.0,15.0,results/anisotropy_balanced_angle_0_local_coarse_summary.json,5.0,
0.4,anisotropy_balanced_angle_0_local_medium,0.6,7632,results/anisotropy_balanced_angle_0_local_medium.log,textile_fiber_balanced,,0,local_medium,model/anisotropy_balanced_angle_0_local_medium_metadata.json,model/anisotropy_balanced_angle_0_local_medium.feb,,0,9305,True,80.0,15.0,results/anisotropy_balanced_angle_0_local_medium_summary.json,5.0,
0.4,anisotropy_balanced_angle_60_local_medium,0.6,7632,results/anisotropy_balanced_angle_60_local_medium.log,textile_fiber_balanced,,0,local_medium,model/anisotropy_balanced_angle_60_local_medium_metadata.json,model/anisotropy_balanced_angle_60_local_medium.feb,,0,9305,True,80.0,15.0,results/anisotropy_balanced_angle_60_local_medium_summary.json,5.0,
0.4,anisotropy_x3_angle_0_local_medium,0.6,7632,results/anisotropy_x3_angle_0_local_medium.log,textile_fiber_x3,,0,local_medium,model/anisotropy_x3_angle_0_local_medium_metadata.json,model/anisotropy_x3_angle_0_local_medium.feb,,0,9305,True,80.0,15.0,results/anisotropy_x3_angle_0_local_medium_summary.json,5.0,
0.4,anisotropy_x3_angle_60_local_medium,0.6,7632,results/anisotropy_x3_angle_60_local_medium.log,textile_fiber_x3,,0,local_medium,model/anisotropy_x3_angle_60_local_medium_metadata.json,model/anisotropy_x3_angle_60_local_medium.feb,,0,9305,True,80.0,15.0,results/anisotropy_x3_angle_60_local_medium_summary.json,5.0,
0.4,anisotropy_y3_angle_0_local_medium,0.6,7632,results/anisotropy_y3_angle_0_local_medium.log,textile_fiber_y3,,1289,local_medium,model/anisotropy_y3_angle_0_local_medium_metadata.json,model/anisotropy_y3_angle_0_local_medium.feb,,2,9305,True,80.0,15.0,results/anisotropy_y3_angle_0_local_medium_summary.json,5.0,
0.4,anisotropy_y3_angle_60_local_medium,0.6,7632,results/anisotropy_y3_angle_60_local_medium.log,textile_fiber_y3,,0,local_medium,model/anisotropy_y3_angle_60_local_medium_metadata.json,model/anisotropy_y3_angle_60_local_medium.feb,,0,9305,True,80.0,15.0,results/anisotropy_y3_angle_60_local_medium_summary.json,5.0,
0.4,arm_raise_sensor_contact_aware_s10_local_medium,0.6,7632,results/arm_raise_sensor_contact_aware_s10_local_medium.log,textile_fiber_balanced,,0,local_medium,model/arm_raise_sensor_contact_aware_s10_local_medium_metadata.json,model/arm_raise_sensor_contact_aware_s10_local_medium.feb,,0,9305,True,80.0,15.0,results/arm_raise_sensor_contact_aware_s10_local_medium_summary.json,5.0,
0.4,arm_raise_sensor_contact_aware_s3_local_medium,0.6,7632,results/arm_raise_sensor_contact_aware_s3_local_medium.log,textile_fiber_balanced,,739,local_medium,model/arm_raise_sensor_contact_aware_s3_local_medium_metadata.json,model/arm_raise_sensor_contact_aware_s3_local_medium.feb,,2,9305,True,80.0,15.0,results/arm_raise_sensor_contact_aware_s3_local_medium_summary.json,5.0,
0.4,arm_raise_sensor_contact_aware_s3_local_medium_refinedstep,0.6,7632,results/arm_raise_sensor_contact_aware_s3_local_medium_refinedstep.log,textile_fiber_balanced,0.02,0,local_medium,model/arm_raise_sensor_contact_aware_s3_local_medium_refinedstep_metadata.json,model/arm_raise_sensor_contact_aware_s3_local_medium_refinedstep.feb,,0,9305,True,80.0,15.0,results/arm_raise_sensor_contact_aware_s3_local_medium_refinedstep_summary.json,5.0,60
0.4,arm_raise_sensor_contact_aware_s8_local_medium,0.6,7632,results/arm_raise_sensor_contact_aware_s8_local_medium.log,textile_fiber_balanced,,727,local_medium,model/arm_raise_sensor_contact_aware_s8_local_medium_metadata.json,model/arm_raise_sensor_contact_aware_s8_local_medium.feb,,2,9305,True,80.0,15.0,results/arm_raise_sensor_contact_aware_s8_local_medium_summary.json,5.0,
0.4,arm_raise_sensor_contact_aware_s8_local_medium_refinedstep,0.6,7632,results/arm_raise_sensor_contact_aware_s8_local_medium_refinedstep.log,textile_fiber_balanced,0.02,0,local_medium,model/arm_raise_sensor_contact_aware_s8_local_medium_refinedstep_metadata.json,model/arm_raise_sensor_contact_aware_s8_local_medium_refinedstep.feb,,0,9305,True,80.0,15.0,results/arm_raise_sensor_contact_aware_s8_local_medium_refinedstep_summary.json,5.0,60
0.4,arm_raise_sensor_contact_aware_s9_local_medium,0.6,7632,results/arm_raise_sensor_contact_aware_s9_local_medium.log,textile_fiber_balanced,,0,local_medium,model/arm_raise_sensor_contact_aware_s9_local_medium_metadata.json,model/arm_raise_sensor_contact_aware_s9_local_medium.feb,,0,9305,True,80.0,15.0,results/arm_raise_sensor_contact_aware_s9_local_medium_summary.json,5.0,
0.4,arm_raise_sensor_contact_free_s10_local_medium_finitegreen,0.6,7632,results/arm_raise_sensor_contact_free_s10_local_medium_finitegreen.log,textile_fiber_balanced,0.05,0,local_medium,model/arm_raise_sensor_contact_free_s10_local_medium_finitegreen_metadata.json,model/arm_raise_sensor_contact_free_s10_local_medium_finitegreen.feb,,0,9305,True,80.0,15.0,results/arm_raise_sensor_contact_free_s10_local_medium_finitegreen_summary.json,5.0,30
0.4,arm_raise_sensor_contact_free_s10_local_medium,0.6,7632,results/arm_raise_sensor_contact_free_s10_local_medium.log,textile_fiber_balanced,,0,local_medium,model/arm_raise_sensor_contact_free_s10_local_medium_metadata.json,model/arm_raise_sensor_contact_free_s10_local_medium.feb,,0,9305,True,80.0,15.0,results/arm_raise_sensor_contact_free_s10_local_medium_summary.json,5.0,
0.4,arm_raise_sensor_contact_free_s3_local_medium_finitegreen,0.6,7632,results/arm_raise_sensor_contact_free_s3_local_medium_finitegreen.log,textile_fiber_balanced,0.05,0,local_medium,model/arm_raise_sensor_contact_free_s3_local_medium_finitegreen_metadata.json,model/arm_raise_sensor_contact_free_s3_local_medium_finitegreen.feb,,0,9305,True,80.0,15.0,results/arm_raise_sensor_contact_free_s3_local_medium_finitegreen_summary.json,5.0,30
0.4,arm_raise_sensor_contact_free_s3_local_medium,0.6,7632,results/arm_raise_sensor_contact_free_s3_local_medium.log,textile_fiber_balanced,,0,local_medium,model/arm_raise_sensor_contact_free_s3_local_medium_metadata.json,model/arm_raise_sensor_contact_free_s3_local_medium.feb,,0,9305,True,80.0,15.0,results/arm_raise_sensor_contact_free_s3_local_medium_summary.json,5.0,
0.4,arm_raise_sensor_contact_free_s8_local_medium_finitegreen,0.6,7632,results/arm_raise_sensor_contact_free_s8_local_medium_finitegreen.log,textile_fiber_balanced,0.05,0,local_medium,model/arm_raise_sensor_contact_free_s8_local_medium_finitegreen_metadata.json,model/arm_raise_sensor_contact_free_s8_local_medium_finitegreen.feb,,0,9305,True,80.0,15.0,results/arm_raise_sensor_contact_free_s8_local_medium_finitegreen_summary.json,5.0,30
0.4,arm_raise_sensor_contact_free_s8_local_medium,0.6,7632,results/arm_raise_sensor_contact_free_s8_local_medium.log,textile_fiber_balanced,,0,local_medium,model/arm_raise_sensor_contact_free_s8_local_medium_metadata.json,model/arm_raise_sensor_contact_free_s8_local_medium.feb,,0,9305,True,80.0,15.0,results/arm_raise_sensor_contact_free_s8_local_medium_summary.json,5.0,
0.4,arm_raise_sensor_contact_free_s9_local_medium_finitegreen,0.6,7632,results/arm_raise_sensor_contact_free_s9_local_medium_finitegreen.log,textile_fiber_balanced,0.05,0,local_medium,model/arm_raise_sensor_contact_free_s9_local_medium_finitegreen_metadata.json,model/arm_raise_sensor_contact_free_s9_local_medium_finitegreen.feb,,0,9305,True,80.0,15.0,results/arm_raise_sensor_contact_free_s9_local_medium_finitegreen_summary.json,5.0,30
0.4,arm_raise_sensor_contact_free_s9_local_medium,0.6,7632,results/arm_raise_sensor_contact_free_s9_local_medium.log,textile_fiber_balanced,,0,local_medium,model/arm_raise_sensor_contact_free_s9_local_medium_metadata.json,model/arm_raise_sensor_contact_free_s9_local_medium.feb,,0,9305,True,80.0,15.0,results/arm_raise_sensor_contact_free_s9_local_medium_summary.json,5.0,
0.4,compressibility_literature_nominal_medium,0.6,1920,results/compressibility_literature_nominal_medium.log,literature_nominal,0.05,0,medium,model/compressibility_literature_nominal_medium_metadata.json,model/compressibility_literature_nominal_medium.feb,,0,2601,True,80.0,15.0,results/compressibility_literature_nominal_medium_summary.json,0.0,30
0.4,compressibility_textile_nu_high_medium,0.6,1920,results/compressibility_textile_nu_high_medium.log,textile_nu_high,0.05,0,medium,model/compressibility_textile_nu_high_medium_metadata.json,model/compressibility_textile_nu_high_medium.feb,,0,2601,True,80.0,15.0,results/compressibility_textile_nu_high_medium_summary.json,0.0,30
0.4,compressibility_textile_nu_low_medium,0.6,1920,results/compressibility_textile_nu_low_medium.log,textile_nu_low,0.05,0,medium,model/compressibility_textile_nu_low_medium_metadata.json,model/compressibility_textile_nu_low_medium.feb,,0,2601,True,80.0,15.0,results/compressibility_textile_nu_low_medium_summary.json,0.0,30
0.4,compressibility_tpu_nu_high_medium,0.6,1920,results/compressibility_tpu_nu_high_medium.log,tpu_nu_high,0.05,158,medium,model/compressibility_tpu_nu_high_medium_metadata.json,model/compressibility_tpu_nu_high_medium.feb,,1,2601,True,80.0,15.0,results/compressibility_tpu_nu_high_medium_summary.json,0.0,30
0.4,compressibility_tpu_nu_low_medium,0.6,1920,results/compressibility_tpu_nu_low_medium.log,tpu_nu_low,0.05,0,medium,model/compressibility_tpu_nu_low_medium_metadata.json,model/compressibility_tpu_nu_low_medium.feb,,0,2601,True,80.0,15.0,results/compressibility_tpu_nu_low_medium_summary.json,0.0,30
,contact_sensitivity_augmentations_high_movement025,,,results/contact_sensitivity_augmentations_high_movement025.log,garment case,,0,garment surface,model/contact_sensitivity_augmentations_high_movement025_metadata.json,model/contact_sensitivity_augmentations_high_movement025.feb,both_arms_raise,0,,True,,,results/contact_sensitivity_augmentations_high_movement025_movement_summary.json,,
,contact_sensitivity_augmentations_high_reference,,,results/contact_sensitivity_augmentations_high_reference.log,garment case,,30,garment surface,model/contact_sensitivity_augmentations_high_reference_metadata.json,model/contact_sensitivity_augmentations_high_reference.feb,,1,,True,,,results/contact_sensitivity_augmentations_high_reference_movement_summary.json,,
,contact_sensitivity_augmentations_low_movement025,,,results/contact_sensitivity_augmentations_low_movement025.log,garment case,,0,garment surface,model/contact_sensitivity_augmentations_low_movement025_metadata.json,model/contact_sensitivity_augmentations_low_movement025.feb,both_arms_raise,0,,True,,,results/contact_sensitivity_augmentations_low_movement025_movement_summary.json,,
,contact_sensitivity_augmentations_low_reference,,,results/contact_sensitivity_augmentations_low_reference.log,garment case,,376,garment surface,model/contact_sensitivity_augmentations_low_reference_metadata.json,model/contact_sensitivity_augmentations_low_reference.feb,,3,,True,,,results/contact_sensitivity_augmentations_low_reference_movement_summary.json,,
,contact_sensitivity_baseline_movement025,,,results/contact_sensitivity_baseline_movement025.log,garment case,,0,garment surface,model/contact_sensitivity_baseline_movement025_metadata.json,model/contact_sensitivity_baseline_movement025.feb,both_arms_raise,0,,True,,,results/contact_sensitivity_baseline_movement025_movement_summary.json,,
,contact_sensitivity_baseline_reference,,,results/contact_sensitivity_baseline_reference.log,garment case,,415,garment surface,model/contact_sensitivity_baseline_reference_metadata.json,model/contact_sensitivity_baseline_reference.feb,,2,,True,,,results/contact_sensitivity_baseline_reference_movement_summary.json,,
,contact_sensitivity_clearance_high_movement025,,,results/contact_sensitivity_clearance_high_movement025.log,garment case,,182,garment surface,model/contact_sensitivity_clearance_high_movement025_metadata.json,model/contact_sensitivity_clearance_high_movement025.feb,both_arms_raise,32,,False,,,,,
,contact_sensitivity_clearance_high_reference,,,results/contact_sensitivity_clearance_high_reference.log,garment case,,266,garment surface,model/contact_sensitivity_clearance_high_reference_metadata.json,model/contact_sensitivity_clearance_high_reference.feb,,10,,True,,,results/contact_sensitivity_clearance_high_reference_movement_summary.json,,
,contact_sensitivity_clearance_low_movement025,,,results/contact_sensitivity_clearance_low_movement025.log,garment case,,0,garment surface,model/contact_sensitivity_clearance_low_movement025_metadata.json,model/contact_sensitivity_clearance_low_movement025.feb,both_arms_raise,0,,True,,,results/contact_sensitivity_clearance_low_movement025_movement_summary.json,,
,contact_sensitivity_clearance_low_reference,,,results/contact_sensitivity_clearance_low_reference.log,garment case,,16,garment surface,model/contact_sensitivity_clearance_low_reference_metadata.json,model/contact_sensitivity_clearance_low_reference.feb,,3,,True,,,results/contact_sensitivity_clearance_low_reference_movement_summary.json,,
,contact_sensitivity_garment_E_extended_high_movement025,,,results/contact_sensitivity_garment_E_extended_high_movement025.log,garment case,,0,garment surface,model/contact_sensitivity_garment_E_extended_high_movement025_metadata.json,model/contact_sensitivity_garment_E_extended_high_movement025.feb,both_arms_raise,0,,True,,,results/contact_sensitivity_garment_E_extended_high_movement025_movement_summary.json,,
,contact_sensitivity_garment_E_extended_high_reference,,,results/contact_sensitivity_garment_E_extended_high_reference.log,garment case,,832,garment surface,model/contact_sensitivity_garment_E_extended_high_reference_metadata.json,model/contact_sensitivity_garment_E_extended_high_reference.feb,,6,,True,,,results/contact_sensitivity_garment_E_extended_high_reference_movement_summary.json,,
,contact_sensitivity_garment_E_extended_low_movement025,,,,garment case,,0,garment surface,model/contact_sensitivity_garment_E_extended_low_movement025_metadata.json,model/contact_sensitivity_garment_E_extended_low_movement025.feb,both_arms_raise,0,,False,,,,,
,contact_sensitivity_garment_E_extended_low_reference,,,results/contact_sensitivity_garment_E_extended_low_reference.log,garment case,,455,garment surface,model/contact_sensitivity_garment_E_extended_low_reference_metadata.json,model/contact_sensitivity_garment_E_extended_low_reference.feb,,22,,False,,,,,
,contact_sensitivity_garment_E_extended_midlow_movement025,,,,garment case,,0,garment surface,model/contact_sensitivity_garment_E_extended_midlow_movement025_metadata.json,model/contact_sensitivity_garment_E_extended_midlow_movement025.feb,both_arms_raise,0,,False,,,,,
,contact_sensitivity_garment_E_extended_midlow_reference,,,results/contact_sensitivity_garment_E_extended_midlow_reference.log,garment case,,543,garment surface,model/contact_sensitivity_garment_E_extended_midlow_reference_metadata.json,model/contact_sensitivity_garment_E_extended_midlow_reference.feb,,18,,False,,,,,
,contact_sensitivity_garment_E_high_movement025,,,results/contact_sensitivity_garment_E_high_movement025.log,garment case,,0,garment surface,model/contact_sensitivity_garment_E_high_movement025_metadata.json,model/contact_sensitivity_garment_E_high_movement025.feb,both_arms_raise,0,,True,,,results/contact_sensitivity_garment_E_high_movement025_movement_summary.json,,
,contact_sensitivity_garment_E_high_reference,,,results/contact_sensitivity_garment_E_high_reference.log,garment case,,0,garment surface,model/contact_sensitivity_garment_E_high_reference_metadata.json,model/contact_sensitivity_garment_E_high_reference.feb,,0,,True,,,results/contact_sensitivity_garment_E_high_reference_movement_summary.json,,
,contact_sensitivity_garment_E_low_movement025,,,results/contact_sensitivity_garment_E_low_movement025.log,garment case,,0,garment surface,model/contact_sensitivity_garment_E_low_movement025_metadata.json,model/contact_sensitivity_garment_E_low_movement025.feb,both_arms_raise,0,,True,,,results/contact_sensitivity_garment_E_low_movement025_movement_summary.json,,
,contact_sensitivity_garment_E_low_reference,,,results/contact_sensitivity_garment_E_low_reference.log,garment case,,67,garment surface,model/contact_sensitivity_garment_E_low_reference_metadata.json,model/contact_sensitivity_garment_E_low_reference.feb,,6,,True,,,results/contact_sensitivity_garment_E_low_reference_movement_summary.json,,
,contact_sensitivity_penalty_high_movement025,,,,garment case,,0,garment surface,model/contact_sensitivity_penalty_high_movement025_metadata.json,model/contact_sensitivity_penalty_high_movement025.feb,both_arms_raise,0,,False,,,,,
,contact_sensitivity_penalty_high_reference,,,results/contact_sensitivity_penalty_high_reference.log,garment case,,540,garment surface,model/contact_sensitivity_penalty_high_reference_metadata.json,model/contact_sensitivity_penalty_high_reference.feb,,22,,False,,,,,
,contact_sensitivity_penalty_low_movement025,,,results/contact_sensitivity_penalty_low_movement025.log,garment case,,0,garment surface,model/contact_sensitivity_penalty_low_movement025_metadata.json,model/contact_sensitivity_penalty_low_movement025.feb,both_arms_raise,0,,True,,,results/contact_sensitivity_penalty_low_movement025_movement_summary.json,,
,contact_sensitivity_penalty_low_reference,,,results/contact_sensitivity_penalty_low_reference.log,garment case,,419,garment surface,model/contact_sensitivity_penalty_low_reference_metadata.json,model/contact_sensitivity_penalty_low_reference.feb,,2,,True,,,results/contact_sensitivity_penalty_low_reference_movement_summary.json,,
,contact_sensitivity_torso_radii_high_movement025,,,results/contact_sensitivity_torso_radii_high_movement025.log,garment case,,0,garment surface,model/contact_sensitivity_torso_radii_high_movement025_metadata.json,model/contact_sensitivity_torso_radii_high_movement025.feb,both_arms_raise,0,,True,,,results/contact_sensitivity_torso_radii_high_movement025_movement_summary.json,,
,contact_sensitivity_torso_radii_high_reference,,,results/contact_sensitivity_torso_radii_high_reference.log,garment case,,704,garment surface,model/contact_sensitivity_torso_radii_high_reference_metadata.json,model/contact_sensitivity_torso_radii_high_reference.feb,,17,,True,,,results/contact_sensitivity_torso_radii_high_reference_movement_summary.json,,
,contact_sensitivity_torso_radii_low_movement025,,,results/contact_sensitivity_torso_radii_low_movement025.log,garment case,,0,garment surface,model/contact_sensitivity_torso_radii_low_movement025_metadata.json,model/contact_sensitivity_torso_radii_low_movement025.feb,both_arms_raise,0,,True,,,results/contact_sensitivity_torso_radii_low_movement025_movement_summary.json,,
,contact_sensitivity_torso_radii_low_reference,,,results/contact_sensitivity_torso_radii_low_reference.log,garment case,,179,garment surface,model/contact_sensitivity_torso_radii_low_reference_metadata.json,model/contact_sensitivity_torso_radii_low_reference.feb,,10,,True,,,results/contact_sensitivity_torso_radii_low_reference_movement_summary.json,,
,coupon_mesh_coarse,,264,results/coupon_mesh_coarse.log,garment case,,0,coarse,model/coupon_mesh_coarse_metadata.json,model/coupon_mesh_coarse.feb,,0,462,True,80.0,,results/coupon_mesh_coarse_summary.json,,
,coupon_mesh_extra_fine,,61440,results/coupon_mesh_extra_fine.log,provisional,,362,extra_fine,model/coupon_mesh_extra_fine_metadata.json,model/coupon_mesh_extra_fine.feb,,3,69745,False,80.0,,,,
,coupon_mesh_fine,,11520,results/coupon_mesh_fine.log,garment case,,0,fine,model/coupon_mesh_fine_metadata.json,model/coupon_mesh_fine.feb,,0,13893,True,80.0,,results/coupon_mesh_fine_summary.json,,
,coupon_mesh_medium,,1920,results/coupon_mesh_medium.log,garment case,,0,medium,model/coupon_mesh_medium_metadata.json,model/coupon_mesh_medium.feb,,0,2601,True,80.0,,results/coupon_mesh_medium_summary.json,,
,coupon_test,,1920,,garment case,,0,medium,model/coupon_test_metadata.json,model/coupon_test.feb,,0,2601,False,80.0,,,,
0.4,fullfield_angle_minus_60_local_medium,0.6,7632,results/fullfield_angle_minus_60_local_medium.log,literature_nominal,,0,local_medium,model/fullfield_angle_minus_60_local_medium_metadata.json,model/fullfield_angle_minus_60_local_medium.feb,,0,9305,True,80.0,15.0,results/fullfield_angle_minus_60_local_medium_summary.json,5.0,
0.4,fullfield_angle_plus_0_local_medium,0.6,7632,results/fullfield_angle_plus_0_local_medium.log,literature_nominal,,0,local_medium,model/fullfield_angle_plus_0_local_medium_metadata.json,model/fullfield_angle_plus_0_local_medium.feb,,0,9305,True,80.0,15.0,results/fullfield_angle_plus_0_local_medium_summary.json,5.0,
0.4,fullfield_angle_plus_60_local_medium,0.6,7632,results/fullfield_angle_plus_60_local_medium.log,literature_nominal,,0,local_medium,model/fullfield_angle_plus_60_local_medium_metadata.json,model/fullfield_angle_plus_60_local_medium.feb,,0,9305,True,80.0,15.0,results/fullfield_angle_plus_60_local_medium_summary.json,5.0,
,garment_both_arms_raise_025_aug,,,results/garment_both_arms_raise_025_aug.log,garment case,,0,garment surface,model/garment_both_arms_raise_025_aug_metadata.json,model/garment_both_arms_raise_025_aug.feb,both_arms_raise,0,,True,,,results/garment_both_arms_raise_025_aug_movement_summary.json,,
,garment_both_arms_raise_025_extended,,,results/garment_both_arms_raise_025_extended.log,garment case,,0,garment surface,model/garment_both_arms_raise_025_extended_metadata.json,model/garment_both_arms_raise_025_extended.feb,both_arms_raise,0,,True,,,results/garment_both_arms_raise_025_extended_movement_summary.json,,
,garment_both_arms_raise_025,,,results/garment_both_arms_raise_025.log,garment case,,0,garment surface,model/garment_both_arms_raise_025_metadata.json,model/garment_both_arms_raise_025.feb,both_arms_raise,0,,True,,,results/garment_both_arms_raise_025_movement_summary.json,,
,garment_both_arms_raise_025_p001,,,results/garment_both_arms_raise_025_p001.log,garment case,,200,garment surface,model/garment_both_arms_raise_025_p001_metadata.json,model/garment_both_arms_raise_025_p001.feb,both_arms_raise,10,,False,,,,,
,garment_both_arms_raise_050,,,results/garment_both_arms_raise_050.log,garment case,,0,garment surface,model/garment_both_arms_raise_050_metadata.json,model/garment_both_arms_raise_050.feb,both_arms_raise,0,,True,,,results/garment_both_arms_raise_050_movement_summary.json,,
,garment_both_arms_raise_100,,,results/garment_both_arms_raise_100.log,garment case,,2,garment surface,model/garment_both_arms_raise_100_metadata.json,model/garment_both_arms_raise_100.feb,both_arms_raise,1,,True,,,results/garment_both_arms_raise_100_movement_summary.json,,
,garment_contact_equilibrium,,,results/garment_contact_equilibrium.log,garment case,,52,garment surface,model/garment_contact_equilibrium_metadata.json,model/garment_contact_equilibrium.feb,,1,,True,,,results/garment_contact_equilibrium_summary.json,,
,garment_fit_0025bp,,,results/garment_fit_0025bp.log,garment case,,52,garment surface,model/garment_fit_0025bp_metadata.json,model/garment_fit_0025bp.feb,,1,,True,,,results/garment_fit_0025bp_summary.json,,
,garment_fit_0030bp,,,results/garment_fit_0030bp.log,garment case,,0,garment surface,model/garment_fit_0030bp_metadata.json,model/garment_fit_0030bp.feb,,0,,True,,,results/garment_fit_0030bp_summary.json,,
,garment_fit_0035bp,,,results/garment_fit_0035bp.log,garment case,,652,garment surface,model/garment_fit_0035bp_metadata.json,model/garment_fit_0035bp.feb,,24,,False,,,,,
,garment_fit_0040bp,,,results/garment_fit_0040bp.log,garment case,,502,garment surface,model/garment_fit_0040bp_metadata.json,model/garment_fit_0040bp.feb,,33,,False,,,,,
,garment_fit_0050bp,,,results/garment_fit_0050bp.log,garment case,,832,garment surface,model/garment_fit_0050bp_metadata.json,model/garment_fit_0050bp.feb,,33,,False,,,,,
,garment_fit_0075bp,,,results/garment_fit_0075bp.log,garment case,,562,garment surface,model/garment_fit_0075bp_metadata.json,model/garment_fit_0075bp.feb,,3,,True,,,results/garment_fit_0075bp_summary.json,,
,garment_fit_0100bp,,,results/garment_fit_0100bp.log,garment case,,0,garment surface,model/garment_fit_0100bp_metadata.json,model/garment_fit_0100bp.feb,,0,,True,,,results/garment_fit_0100bp_summary.json,,
,garment_fit_flip_0100bp,,,,garment case,,0,garment surface,model/garment_fit_flip_0100bp_metadata.json,model/garment_fit_flip_0100bp.feb,,0,,False,,,,,
,garment_fit_geometric_overlap_010mm,,,results/garment_fit_geometric_overlap_010mm.log,garment case,,0,garment surface,model/garment_fit_geometric_overlap_010mm_metadata.json,model/garment_fit_geometric_overlap_010mm.feb,,0,,False,,,,,
,garment_fit_geometric_overlap_025mm,,,results/garment_fit_geometric_overlap_025mm.log,garment case,,0,garment surface,model/garment_fit_geometric_overlap_025mm_metadata.json,model/garment_fit_geometric_overlap_025mm.feb,,0,,False,,,,,
,garment_fit_inward_0100bp,,,results/garment_fit_inward_0100bp.log,garment case,,0,garment surface,model/garment_fit_inward_0100bp_metadata.json,model/garment_fit_inward_0100bp.feb,,0,,True,,,results/garment_fit_inward_0100bp_summary.json,,
,garment_fit_tensile_00655bp,,,results/garment_fit_tensile_00655bp.log,garment case,,0,garment surface,model/garment_fit_tensile_00655bp_metadata.json,model/garment_fit_tensile_00655bp.feb,,0,,True,,,results/garment_fit_tensile_00655bp_summary.json,,
,garment_fit_tensile_0065bp,,,results/garment_fit_tensile_0065bp.log,garment case,,0,garment surface,model/garment_fit_tensile_0065bp_metadata.json,model/garment_fit_tensile_0065bp.feb,,0,,True,,,results/garment_fit_tensile_0065bp_summary.json,,
,garment_fit_tensile_00660bp,,,results/garment_fit_tensile_00660bp.log,garment case,,0,garment surface,model/garment_fit_tensile_00660bp_metadata.json,model/garment_fit_tensile_00660bp.feb,,0,,True,,,results/garment_fit_tensile_00660bp_summary.json,,
,garment_fit_tensile_00665bp,,,results/garment_fit_tensile_00665bp.log,garment case,,0,garment surface,model/garment_fit_tensile_00665bp_metadata.json,model/garment_fit_tensile_00665bp.feb,,0,,True,,,results/garment_fit_tensile_00665bp_summary.json,,
,garment_fit_tensile_00670bp,,,results/garment_fit_tensile_00670bp.log,garment case,,52,garment surface,model/garment_fit_tensile_00670bp_metadata.json,model/garment_fit_tensile_00670bp.feb,,1,,True,,,results/garment_fit_tensile_00670bp_summary.json,,
,garment_fit_tensile_006725bp_20step,,,results/garment_fit_tensile_006725bp_20step.log,garment case,,372,garment surface,model/garment_fit_tensile_006725bp_20step_metadata.json,model/garment_fit_tensile_006725bp_20step.feb,,16,,False,,,,,
,garment_fit_tensile_006725bp_5step,,,results/garment_fit_tensile_006725bp_5step.log,garment case,,600,garment surface,model/garment_fit_tensile_006725bp_5step_metadata.json,model/garment_fit_tensile_006725bp_5step.feb,,31,,False,,,,,
,garment_fit_tensile_006725bp,,,results/garment_fit_tensile_006725bp.log,garment case,,52,garment surface,model/garment_fit_tensile_006725bp_metadata.json,model/garment_fit_tensile_006725bp.feb,,1,,True,,,results/garment_fit_tensile_006725bp_summary.json,,
,garment_fit_tensile_006725bp_staged,,,results/garment_fit_tensile_006725bp_staged.log,garment case,,414,garment surface,model/garment_fit_tensile_006725bp_staged_metadata.json,model/garment_fit_tensile_006725bp_staged.feb,,14,,False,,,,,
,garment_fit_tensile_006740bp,,,results/garment_fit_tensile_006740bp.log,garment case,,224,garment surface,model/garment_fit_tensile_006740bp_metadata.json,model/garment_fit_tensile_006740bp.feb,,18,,False,,,,,
,garment_fit_tensile_00675bp,,,results/garment_fit_tensile_00675bp.log,garment case,,778,garment surface,model/garment_fit_tensile_00675bp_metadata.json,model/garment_fit_tensile_00675bp.feb,,17,,False,,,,,
,garment_fit_tensile_0070bp,,,results/garment_fit_tensile_0070bp.log,garment case,,770,garment surface,model/garment_fit_tensile_0070bp_metadata.json,model/garment_fit_tensile_0070bp.feb,,17,,False,,,,,
,garment_fit_tensile_0100bp,,,results/garment_fit_tensile_0100bp.log,garment case,,734,garment surface,model/garment_fit_tensile_0100bp_metadata.json,model/garment_fit_tensile_0100bp.feb,,51,,False,,,results/garment_fit_tensile_0100bp_summary.json,,
,garment_fit_test_9975,,,results/garment_fit_test_9975.log,garment case,,52,garment surface,model/garment_fit_test_9975_metadata.json,model/garment_fit_test_9975.feb,,1,,True,,,results/garment_fit_test_9975_summary.json,,
,garment_fit_torso_expand_060mm_manual_low,,,results/garment_fit_torso_expand_060mm_manual_low.log,garment case,,1664,garment surface,model/garment_fit_torso_expand_060mm_manual_low_metadata.json,model/garment_fit_torso_expand_060mm_manual_low.feb,,22,,False,,,,,
,garment_fit_torso_expand_060mm_manual,,,results/garment_fit_torso_expand_060mm_manual.log,garment case,,56,garment surface,model/garment_fit_torso_expand_060mm_manual_metadata.json,model/garment_fit_torso_expand_060mm_manual.feb,,3,,True,,,results/garment_fit_torso_expand_060mm_manual_summary.json,,
,garment_fit_torso_expand_060mm_penalty,,,results/garment_fit_torso_expand_060mm_penalty.log,garment case,,1664,garment surface,model/garment_fit_torso_expand_060mm_penalty_metadata.json,model/garment_fit_torso_expand_060mm_penalty.feb,,9,,False,,,,,
,garment_fit_torso_expand_060mm_softbody,,,results/garment_fit_torso_expand_060mm_softbody.log,garment case,,544,garment surface,model/garment_fit_torso_expand_060mm_softbody_metadata.json,model/garment_fit_torso_expand_060mm_softbody.feb,,10,,False,,,,,
,garment_fit_torso_expand_100mm_soft,,,results/garment_fit_torso_expand_100mm_soft.log,garment case,,423,garment surface,model/garment_fit_torso_expand_100mm_soft_metadata.json,model/garment_fit_torso_expand_100mm_soft.feb,,7,,False,,,,,
,garment_fit_torso_expand_200mm,,,results/garment_fit_torso_expand_200mm.log,garment case,,157,garment surface,model/garment_fit_torso_expand_200mm_metadata.json,model/garment_fit_torso_expand_200mm.feb,,14,,False,,,,,
,garment_friction_mu0p1_025,,,results/garment_friction_mu0p1_025.log,garment case,,0,garment surface,model/garment_friction_mu0p1_025_metadata.json,model/garment_friction_mu0p1_025.feb,both_arms_raise,0,,True,,,,,
,garment_friction_mu0p1_kt0p1_025,,,,garment case,,0,garment surface,model/garment_friction_mu0p1_kt0p1_025_metadata.json,model/garment_friction_mu0p1_kt0p1_025.feb,both_arms_raise,0,,False,,,,,
,garment_friction_n2f_mu0_025,,,results/garment_friction_n2f_mu0_025.log,garment case,,0,garment surface,model/garment_friction_n2f_mu0_025_metadata.json,model/garment_friction_n2f_mu0_025.feb,both_arms_raise,0,,True,,,results/garment_friction_n2f_mu0_025_movement_summary.json,,
,garment_friction_n2f_mu0_reference,,,results/garment_friction_n2f_mu0_reference.log,garment case,,0,garment surface,model/garment_friction_n2f_mu0_reference_metadata.json,model/garment_friction_n2f_mu0_reference.feb,,0,,True,,,results/garment_friction_n2f_mu0_reference_movement_summary.json,,
,garment_friction_n2f_mu0p1_kt0p1_025,,,results/garment_friction_n2f_mu0p1_kt0p1_025.log,garment case,,0,garment surface,model/garment_friction_n2f_mu0p1_kt0p1_025_metadata.json,model/garment_friction_n2f_mu0p1_kt0p1_025.feb,both_arms_raise,0,,True,,,results/garment_friction_n2f_mu0p1_kt0p1_025_movement_summary.json,,
,garment_friction_n2f_mu0p1_reference,,,results/garment_friction_n2f_mu0p1_reference.log,garment case,,0,garment surface,model/garment_friction_n2f_mu0p1_reference_metadata.json,model/garment_friction_n2f_mu0p1_reference.feb,,0,,True,,,results/garment_friction_n2f_mu0p1_reference_movement_summary.json,,
,garment_friction_n2f_mu0p3_fp0p1_kt0p01_025,,,results/garment_friction_n2f_mu0p3_fp0p1_kt0p01_025.log,garment case,,0,garment surface,model/garment_friction_n2f_mu0p3_fp0p1_kt0p01_025_metadata.json,model/garment_friction_n2f_mu0p3_fp0p1_kt0p01_025.feb,both_arms_raise,0,,False,,,,,
,garment_friction_n2f_mu0p3_kt0p1_025,,,results/garment_friction_n2f_mu0p3_kt0p1_025.log,garment case,,0,garment surface,model/garment_friction_n2f_mu0p3_kt0p1_025_metadata.json,model/garment_friction_n2f_mu0p3_kt0p1_025.feb,both_arms_raise,0,,False,,,,,
,garment_friction_smoke_mu0p1,,,results/garment_friction_smoke_mu0p1.log,garment case,,1664,garment surface,model/garment_friction_smoke_mu0p1_metadata.json,model/garment_friction_smoke_mu0p1.feb,both_arms_raise,17,,False,,,,,
,garment_mesh_0p6_coarse56_movement025,,,results/garment_mesh_0p6_coarse56_movement025.log,garment case,,0,garment surface,model/garment_mesh_0p6_coarse56_movement025_metadata.json,model/garment_mesh_0p6_coarse56_movement025.feb,both_arms_raise,0,,True,,,results/garment_mesh_0p6_coarse56_movement025_movement_summary.json,,
,garment_mesh_0p6_coarse56_reference,,,results/garment_mesh_0p6_coarse56_reference.log,garment case,,0,garment surface,model/garment_mesh_0p6_coarse56_reference_metadata.json,model/garment_mesh_0p6_coarse56_reference.feb,,0,,True,,,results/garment_mesh_0p6_coarse56_reference_movement_summary.json,,
,garment_mesh_0p6_fine72_movement025,,,results/garment_mesh_0p6_fine72_movement025.log,garment case,,0,garment surface,model/garment_mesh_0p6_fine72_movement025_metadata.json,model/garment_mesh_0p6_fine72_movement025.feb,both_arms_raise,0,,True,,,results/garment_mesh_0p6_fine72_movement025_movement_summary.json,,
,garment_mesh_0p6_fine72_reference,,,results/garment_mesh_0p6_fine72_reference.log,garment case,,0,garment surface,model/garment_mesh_0p6_fine72_reference_metadata.json,model/garment_mesh_0p6_fine72_reference.feb,,0,,True,,,results/garment_mesh_0p6_fine72_reference_movement_summary.json,,
,garment_movement025_steps80,,,results/garment_movement025_steps80.log,garment case,,0,garment surface,model/garment_movement025_steps80_metadata.json,model/garment_movement025_steps80.feb,both_arms_raise,0,,True,,,results/garment_movement025_steps80_movement_summary.json,,
0.4,garment_submodel_both_arms_raise_s3_local_medium,0.6,7632,results/garment_submodel_both_arms_raise_s3_local_medium.log,textile_fiber_balanced,,0,local_medium,model/garment_submodel_both_arms_raise_s3_local_medium_metadata.json,model/garment_submodel_both_arms_raise_s3_local_medium.feb,,0,9305,True,80.0,15.0,results/garment_submodel_both_arms_raise_s3_local_medium_summary.json,5.0,
0.4,garment_submodel_forward_bend_s8_local_medium,0.6,7632,results/garment_submodel_forward_bend_s8_local_medium.log,textile_fiber_balanced,,0,local_medium,model/garment_submodel_forward_bend_s8_local_medium_metadata.json,model/garment_submodel_forward_bend_s8_local_medium.feb,,0,9305,True,80.0,15.0,results/garment_submodel_forward_bend_s8_local_medium_summary.json,5.0,
0.4,garment_submodel_left_arm_raise_s3_local_medium,0.6,7632,results/garment_submodel_left_arm_raise_s3_local_medium.log,textile_fiber_balanced,,0,local_medium,model/garment_submodel_left_arm_raise_s3_local_medium_metadata.json,model/garment_submodel_left_arm_raise_s3_local_medium.feb,,0,9305,True,80.0,15.0,results/garment_submodel_left_arm_raise_s3_local_medium_summary.json,5.0,
0.4,garment_submodel_left_shoulder_touch_twist_s9_local_medium,0.6,7632,results/garment_submodel_left_shoulder_touch_twist_s9_local_medium.log,textile_fiber_balanced,,0,local_medium,model/garment_submodel_left_shoulder_touch_twist_s9_local_medium_metadata.json,model/garment_submodel_left_shoulder_touch_twist_s9_local_medium.feb,,0,9305,True,80.0,15.0,results/garment_submodel_left_shoulder_touch_twist_s9_local_medium_summary.json,5.0,
0.4,garment_submodel_right_shoulder_touch_twist_s10_local_medium,0.6,7632,results/garment_submodel_right_shoulder_touch_twist_s10_local_medium.log,textile_fiber_balanced,,0,local_medium,model/garment_submodel_right_shoulder_touch_twist_s10_local_medium_metadata.json,model/garment_submodel_right_shoulder_touch_twist_s10_local_medium.feb,,0,9305,True,80.0,15.0,results/garment_submodel_right_shoulder_touch_twist_s10_local_medium_summary.json,5.0,
0.4,garment_submodel_sitting_s5_local_medium,0.6,7632,results/garment_submodel_sitting_s5_local_medium.log,textile_fiber_balanced,,0,local_medium,model/garment_submodel_sitting_s5_local_medium_metadata.json,model/garment_submodel_sitting_s5_local_medium.feb,,0,9305,True,80.0,15.0,results/garment_submodel_sitting_s5_local_medium_summary.json,5.0,
0.2,geometry_backing_thickness_0p2,0.6,264,results/geometry_backing_thickness_0p2.log,literature_nominal,,0,coarse,model/geometry_backing_thickness_0p2_metadata.json,model/geometry_backing_thickness_0p2.feb,,0,462,True,80.0,15.0,results/geometry_backing_thickness_0p2_summary.json,,
0.4,geometry_backing_thickness_0p4,0.6,264,results/geometry_backing_thickness_0p4.log,literature_nominal,,0,coarse,model/geometry_backing_thickness_0p4_metadata.json,model/geometry_backing_thickness_0p4.feb,,0,462,True,80.0,15.0,results/geometry_backing_thickness_0p4_summary.json,,
0.6,geometry_backing_thickness_0p6,0.6,264,results/geometry_backing_thickness_0p6.log,literature_nominal,,0,coarse,model/geometry_backing_thickness_0p6_metadata.json,model/geometry_backing_thickness_0p6.feb,,0,462,True,80.0,15.0,results/geometry_backing_thickness_0p6_summary.json,,
0.8,geometry_backing_thickness_0p8,0.6,264,results/geometry_backing_thickness_0p8.log,literature_nominal,,0,coarse,model/geometry_backing_thickness_0p8_metadata.json,model/geometry_backing_thickness_0p8.feb,,0,462,True,80.0,15.0,results/geometry_backing_thickness_0p8_summary.json,,
0.4,geometry_conductive_thickness_0p2,0.2,264,results/geometry_conductive_thickness_0p2.log,literature_nominal,,0,coarse,model/geometry_conductive_thickness_0p2_metadata.json,model/geometry_conductive_thickness_0p2.feb,,0,462,True,80.0,15.0,results/geometry_conductive_thickness_0p2_summary.json,,
0.4,geometry_conductive_thickness_0p4,0.4,264,results/geometry_conductive_thickness_0p4.log,literature_nominal,,0,coarse,model/geometry_conductive_thickness_0p4_metadata.json,model/geometry_conductive_thickness_0p4.feb,,0,462,True,80.0,15.0,results/geometry_conductive_thickness_0p4_summary.json,,
0.4,geometry_conductive_thickness_0p6,0.6,264,results/geometry_conductive_thickness_0p6.log,literature_nominal,,0,coarse,model/geometry_conductive_thickness_0p6_metadata.json,model/geometry_conductive_thickness_0p6.feb,,0,462,True,80.0,15.0,results/geometry_conductive_thickness_0p6_summary.json,,
0.4,geometry_conductive_thickness_0p8,0.8,264,results/geometry_conductive_thickness_0p8.log,literature_nominal,,0,coarse,model/geometry_conductive_thickness_0p8_metadata.json,model/geometry_conductive_thickness_0p8.feb,,0,462,True,80.0,15.0,results/geometry_conductive_thickness_0p8_summary.json,,
0.4,geometry_interaction_L100_W10,0.6,232,results/geometry_interaction_L100_W10.log,literature_nominal,0.05,0,coarse,model/geometry_interaction_L100_W10_metadata.json,model/geometry_interaction_L100_W10.feb,,0,417,True,100.0,10.0,results/geometry_interaction_L100_W10_summary.json,0.0,30
0.4,geometry_interaction_L100_W20,0.6,272,results/geometry_interaction_L100_W20.log,literature_nominal,0.05,0,coarse,model/geometry_interaction_L100_W20_metadata.json,model/geometry_interaction_L100_W20.feb,,0,461,True,100.0,20.0,results/geometry_interaction_L100_W20_summary.json,0.0,30
0.4,geometry_interaction_L60_W10,0.6,216,results/geometry_interaction_L60_W10.log,literature_nominal,0.05,0,coarse,model/geometry_interaction_L60_W10_metadata.json,model/geometry_interaction_L60_W10.feb,,0,393,True,60.0,10.0,results/geometry_interaction_L60_W10_summary.json,0.0,30
0.4,geometry_interaction_L60_W20,0.6,240,results/geometry_interaction_L60_W20.log,literature_nominal,0.05,0,coarse,model/geometry_interaction_L60_W20_metadata.json,model/geometry_interaction_L60_W20.feb,,0,421,True,60.0,20.0,results/geometry_interaction_L60_W20_summary.json,0.0,30
0.4,geometry_sensor_length_100,0.6,276,results/geometry_sensor_length_100.log,literature_nominal,,0,coarse,model/geometry_sensor_length_100_metadata.json,model/geometry_sensor_length_100.feb,,0,478,True,100.0,15.0,results/geometry_sensor_length_100_summary.json,,
0.4,geometry_sensor_length_40,0.6,240,results/geometry_sensor_length_40.log,literature_nominal,,0,coarse,model/geometry_sensor_length_40_metadata.json,model/geometry_sensor_length_40.feb,,0,430,True,40.0,15.0,results/geometry_sensor_length_40_summary.json,,
0.4,geometry_sensor_length_60,0.6,252,results/geometry_sensor_length_60.log,literature_nominal,,0,coarse,model/geometry_sensor_length_60_metadata.json,model/geometry_sensor_length_60.feb,,0,446,True,60.0,15.0,results/geometry_sensor_length_60_summary.json,,
0.4,geometry_sensor_length_80,0.6,264,results/geometry_sensor_length_80.log,literature_nominal,,0,coarse,model/geometry_sensor_length_80_metadata.json,model/geometry_sensor_length_80.feb,,0,462,True,80.0,15.0,results/geometry_sensor_length_80_summary.json,,
0.4,geometry_sensor_width_10,0.6,224,results/geometry_sensor_width_10.log,literature_nominal,,0,coarse,model/geometry_sensor_width_10_metadata.json,model/geometry_sensor_width_10.feb,,0,405,True,80.0,10.0,results/geometry_sensor_width_10_summary.json,,
0.4,geometry_sensor_width_15,0.6,264,results/geometry_sensor_width_15.log,literature_nominal,,0,coarse,model/geometry_sensor_width_15_metadata.json,model/geometry_sensor_width_15.feb,,0,462,True,80.0,15.0,results/geometry_sensor_width_15_summary.json,,
0.4,geometry_sensor_width_20,0.6,256,results/geometry_sensor_width_20.log,literature_nominal,,0,coarse,model/geometry_sensor_width_20_metadata.json,model/geometry_sensor_width_20.feb,,0,441,True,80.0,20.0,results/geometry_sensor_width_20_summary.json,,
0.4,geometry_sensor_width_5,0.6,232,results/geometry_sensor_width_5.log,literature_nominal,,0,coarse,model/geometry_sensor_width_5_metadata.json,model/geometry_sensor_width_5.feb,,0,426,True,80.0,5.0,results/geometry_sensor_width_5_summary.json,,
0.2,geometry_verify_backing_0p2_medium,0.6,1920,results/geometry_verify_backing_0p2_medium.log,literature_nominal,,0,medium,model/geometry_verify_backing_0p2_medium_metadata.json,model/geometry_verify_backing_0p2_medium.feb,,0,2601,True,80.0,15.0,results/geometry_verify_backing_0p2_medium_summary.json,,
0.8,geometry_verify_backing_0p8_medium,0.6,1920,results/geometry_verify_backing_0p8_medium.log,literature_nominal,,0,medium,model/geometry_verify_backing_0p8_medium_metadata.json,model/geometry_verify_backing_0p8_medium.feb,,0,2601,True,80.0,15.0,results/geometry_verify_backing_0p8_medium_summary.json,,
0.4,geometry_verify_baseline_medium,0.6,1920,results/geometry_verify_baseline_medium.log,literature_nominal,,0,medium,model/geometry_verify_baseline_medium_metadata.json,model/geometry_verify_baseline_medium.feb,,0,2601,True,80.0,15.0,results/geometry_verify_baseline_medium_summary.json,,
0.4,geometry_verify_conductive_0p2_medium,0.2,1920,results/geometry_verify_conductive_0p2_medium.log,literature_nominal,,0,medium,model/geometry_verify_conductive_0p2_medium_metadata.json,model/geometry_verify_conductive_0p2_medium.feb,,0,2601,True,80.0,15.0,results/geometry_verify_conductive_0p2_medium_summary.json,,
0.4,geometry_verify_conductive_0p8_medium,0.8,1920,results/geometry_verify_conductive_0p8_medium.log,literature_nominal,,0,medium,model/geometry_verify_conductive_0p8_medium_metadata.json,model/geometry_verify_conductive_0p8_medium.feb,,0,2601,True,80.0,15.0,results/geometry_verify_conductive_0p8_medium_summary.json,,
0.4,geometry_verify_length_100_medium,0.6,2016,results/geometry_verify_length_100_medium.log,literature_nominal,,328,medium,model/geometry_verify_length_100_medium_metadata.json,model/geometry_verify_length_100_medium.feb,,6,2713,True,100.0,15.0,results/geometry_verify_length_100_medium_summary.json,,
0.4,geometry_verify_length_40_medium,0.6,1728,results/geometry_verify_length_40_medium.log,literature_nominal,,0,medium,model/geometry_verify_length_40_medium_metadata.json,model/geometry_verify_length_40_medium.feb,,0,2377,True,40.0,15.0,results/geometry_verify_length_40_medium_summary.json,,
0.4,geometry_verify_width_20_medium,0.6,2048,results/geometry_verify_width_20_medium.log,literature_nominal,,0,medium,model/geometry_verify_width_20_medium_metadata.json,model/geometry_verify_width_20_medium.feb,,0,2737,True,80.0,20.0,results/geometry_verify_width_20_medium_summary.json,,
0.4,geometry_verify_width_5_medium,0.6,1664,results/geometry_verify_width_5_medium.log,literature_nominal,,439,medium,model/geometry_verify_width_5_medium_metadata.json,model/geometry_verify_width_5_medium.feb,,2,2329,True,80.0,5.0,results/geometry_verify_width_5_medium_summary.json,,
,identified_products_coupon,,264,results/identified_products_coupon.log,literature_nominal,,0,coarse,model/identified_products_coupon_metadata.json,model/identified_products_coupon.feb,,0,462,True,80.0,,results/identified_products_coupon_summary.json,,
0.4,interface_E0p01_local_medium,0.6,7896,results/interface_E0p01_local_medium.log,literature_nominal,0.05,6,local_medium,model/interface_E0p01_local_medium_metadata.json,model/interface_E0p01_local_medium.feb,,2,9604,True,80.0,15.0,results/interface_E0p01_local_medium_summary.json,5.0,30
0.4,interface_E0p1_debond5_local_medium,0.6,7800,results/interface_E0p1_debond5_local_medium.log,literature_nominal,0.05,16,local_medium,model/interface_E0p1_debond5_local_medium_metadata.json,model/interface_E0p1_debond5_local_medium.feb,,2,9604,True,80.0,15.0,results/interface_E0p1_debond5_local_medium_summary.json,5.0,30
0.4,interface_E0p1_local_medium,0.6,7896,results/interface_E0p1_local_medium.log,literature_nominal,0.05,0,local_medium,model/interface_E0p1_local_medium_metadata.json,model/interface_E0p1_local_medium.feb,,0,9604,True,80.0,15.0,results/interface_E0p1_local_medium_summary.json,5.0,30
0.4,interface_E1_local_medium,0.6,7896,results/interface_E1_local_medium.log,literature_nominal,0.05,0,local_medium,model/interface_E1_local_medium_metadata.json,model/interface_E1_local_medium.feb,,0,9604,True,80.0,15.0,results/interface_E1_local_medium_summary.json,5.0,30
0.4,interface_perfect_bond_local_medium,0.6,7632,results/interface_perfect_bond_local_medium.log,literature_nominal,0.05,0,local_medium,model/interface_perfect_bond_local_medium_metadata.json,model/interface_perfect_bond_local_medium.feb,,0,9305,True,80.0,15.0,results/interface_perfect_bond_local_medium_summary.json,5.0,30
0.4,interface_smoke,0.6,315,results/interface_smoke.log,literature_nominal,0.05,0,coarse,model/interface_smoke_metadata.json,model/interface_smoke.feb,,0,540,True,80.0,15.0,results/interface_smoke_summary.json,5.0,30
0.4,local_mesh_coarse,0.6,1328,results/local_mesh_coarse.log,literature_nominal,,0,local_coarse,model/local_mesh_coarse_metadata.json,model/local_mesh_coarse.feb,,0,1836,True,80.0,15.0,results/local_mesh_coarse_summary.json,,
0.4,local_mesh_fine,0.6,40704,results/local_mesh_fine.log,literature_nominal,,10570,local_fine,model/local_mesh_fine_metadata.json,model/local_mesh_fine.feb,,11,46449,False,80.0,15.0,,,
0.4,local_mesh_medium,0.6,7632,results/local_mesh_medium.log,literature_nominal,,0,local_medium,model/local_mesh_medium_metadata.json,model/local_mesh_medium.feb,,0,9305,True,80.0,15.0,results/local_mesh_medium_summary.json,,
,matched_no_contact_0p6_coarse56_movement025,,,results/matched_no_contact_0p6_coarse56_movement025.log,garment case,,0,garment surface,model/matched_no_contact_0p6_coarse56_movement025_metadata.json,model/matched_no_contact_0p6_coarse56_movement025.feb,both_arms_raise,0,,True,,,results/matched_no_contact_0p6_coarse56_movement025_movement_summary.json,,
,matched_no_contact_0p6_coarse56_reference,,,results/matched_no_contact_0p6_coarse56_reference.log,garment case,,0,garment surface,model/matched_no_contact_0p6_coarse56_reference_metadata.json,model/matched_no_contact_0p6_coarse56_reference.feb,,0,,True,,,results/matched_no_contact_0p6_coarse56_reference_movement_summary.json,,
,matched_no_contact_0p6_fine72_movement025,,,results/matched_no_contact_0p6_fine72_movement025.log,garment case,,0,garment surface,model/matched_no_contact_0p6_fine72_movement025_metadata.json,model/matched_no_contact_0p6_fine72_movement025.feb,both_arms_raise,0,,True,,,results/matched_no_contact_0p6_fine72_movement025_movement_summary.json,,
,matched_no_contact_0p6_fine72_reference,,,results/matched_no_contact_0p6_fine72_reference.log,garment case,,0,garment surface,model/matched_no_contact_0p6_fine72_reference_metadata.json,model/matched_no_contact_0p6_fine72_reference.feb,,0,,True,,,results/matched_no_contact_0p6_fine72_reference_movement_summary.json,,
,matched_no_contact_0p6_movement025,,,results/matched_no_contact_0p6_movement025.log,garment case,,0,garment surface,model/matched_no_contact_0p6_movement025_metadata.json,model/matched_no_contact_0p6_movement025.feb,both_arms_raise,0,,True,,,results/matched_no_contact_0p6_movement025_movement_summary.json,,
,matched_no_contact_0p6_reference,,,results/matched_no_contact_0p6_reference.log,garment case,,0,garment surface,model/matched_no_contact_0p6_reference_metadata.json,model/matched_no_contact_0p6_reference.feb,,0,,True,,,results/matched_no_contact_0p6_reference_movement_summary.json,,
,material_backing_high,,1920,results/material_backing_high.log,backing_high,,0,medium,model/material_backing_high_metadata.json,model/material_backing_high.feb,,0,2601,True,80.0,,results/material_backing_high_summary.json,,
,material_backing_low,,1920,results/material_backing_low.log,backing_low,,0,medium,model/material_backing_low_metadata.json,model/material_backing_low.feb,,0,2601,True,80.0,,results/material_backing_low_summary.json,,
,material_conductive_high,,1920,results/material_conductive_high.log,conductive_high,,0,medium,model/material_conductive_high_metadata.json,model/material_conductive_high.feb,,0,2601,True,80.0,,results/material_conductive_high_summary.json,,
,material_conductive_low,,1920,results/material_conductive_low.log,conductive_low,,0,medium,model/material_conductive_low_metadata.json,model/material_conductive_low.feb,,0,2601,True,80.0,,results/material_conductive_low_summary.json,,
,material_literature_nominal,,1920,results/material_literature_nominal.log,literature_nominal,,0,medium,model/material_literature_nominal_metadata.json,model/material_literature_nominal.feb,,0,2601,True,80.0,,results/material_literature_nominal_summary.json,,
,material_nylon_high,,1920,results/material_nylon_high.log,nylon_high,,0,medium,model/material_nylon_high_metadata.json,model/material_nylon_high.feb,,0,2601,True,80.0,,results/material_nylon_high_summary.json,,
,material_nylon_low,,1920,results/material_nylon_low.log,nylon_low,,0,medium,model/material_nylon_low_metadata.json,model/material_nylon_low.feb,,0,2601,True,80.0,,results/material_nylon_low_summary.json,,
0.4,relativeF0p6_full_garment_contact_s3_local_coarse,0.6,1328,results/relativeF0p6_full_garment_contact_s3_local_coarse.log,textile_fiber_balanced,0.1,0,local_coarse,model/relativeF0p6_full_garment_contact_s3_local_coarse_metadata.json,model/relativeF0p6_full_garment_contact_s3_local_coarse.feb,,0,1836,True,80.0,15.0,results/relativeF0p6_full_garment_contact_s3_local_coarse_summary.json,5.0,10
0.4,relativeF0p6_full_garment_contact_s3_local_fine,0.6,40704,results/relativeF0p6_full_garment_contact_s3_local_fine.log,textile_fiber_balanced,0.1,0,local_fine,model/relativeF0p6_full_garment_contact_s3_local_fine_metadata.json,model/relativeF0p6_full_garment_contact_s3_local_fine.feb,,0,46449,True,80.0,15.0,results/relativeF0p6_full_garment_contact_s3_local_fine_summary.json,5.0,10
0.4,relativeF0p6_full_garment_contact_s3_local_medium,0.6,7632,results/relativeF0p6_full_garment_contact_s3_local_medium.log,textile_fiber_balanced,0.1,0,local_medium,model/relativeF0p6_full_garment_contact_s3_local_medium_metadata.json,model/relativeF0p6_full_garment_contact_s3_local_medium.feb,,0,9305,True,80.0,15.0,results/relativeF0p6_full_garment_contact_s3_local_medium_summary.json,5.0,10
0.4,relativeF0p6_full_garment_contact_s9_local_coarse,0.6,1328,results/relativeF0p6_full_garment_contact_s9_local_coarse.log,textile_fiber_balanced,0.1,0,local_coarse,model/relativeF0p6_full_garment_contact_s9_local_coarse_metadata.json,model/relativeF0p6_full_garment_contact_s9_local_coarse.feb,,0,1836,True,80.0,15.0,results/relativeF0p6_full_garment_contact_s9_local_coarse_summary.json,5.0,10
0.4,relativeF0p6_full_garment_contact_s9_local_fine,0.6,40704,results/relativeF0p6_full_garment_contact_s9_local_fine.log,textile_fiber_balanced,0.1,0,local_fine,model/relativeF0p6_full_garment_contact_s9_local_fine_metadata.json,model/relativeF0p6_full_garment_contact_s9_local_fine.feb,,0,46449,True,80.0,15.0,results/relativeF0p6_full_garment_contact_s9_local_fine_summary.json,5.0,10
0.4,relativeF0p6_full_garment_contact_s9_local_medium,0.6,7632,results/relativeF0p6_full_garment_contact_s9_local_medium.log,textile_fiber_balanced,0.1,0,local_medium,model/relativeF0p6_full_garment_contact_s9_local_medium_metadata.json,model/relativeF0p6_full_garment_contact_s9_local_medium.feb,,0,9305,True,80.0,15.0,results/relativeF0p6_full_garment_contact_s9_local_medium_summary.json,5.0,10
0.4,relativeF0p6_full_garment_no_contact_s3_local_coarse,0.6,1328,results/relativeF0p6_full_garment_no_contact_s3_local_coarse.log,textile_fiber_balanced,0.1,0,local_coarse,model/relativeF0p6_full_garment_no_contact_s3_local_coarse_metadata.json,model/relativeF0p6_full_garment_no_contact_s3_local_coarse.feb,,0,1836,True,80.0,15.0,results/relativeF0p6_full_garment_no_contact_s3_local_coarse_summary.json,5.0,10
0.4,relativeF0p6_full_garment_no_contact_s3_local_fine,0.6,40704,results/relativeF0p6_full_garment_no_contact_s3_local_fine.log,textile_fiber_balanced,0.1,0,local_fine,model/relativeF0p6_full_garment_no_contact_s3_local_fine_metadata.json,model/relativeF0p6_full_garment_no_contact_s3_local_fine.feb,,0,46449,True,80.0,15.0,results/relativeF0p6_full_garment_no_contact_s3_local_fine_summary.json,5.0,10
0.4,relativeF0p6_full_garment_no_contact_s3_local_medium,0.6,7632,results/relativeF0p6_full_garment_no_contact_s3_local_medium.log,textile_fiber_balanced,0.1,0,local_medium,model/relativeF0p6_full_garment_no_contact_s3_local_medium_metadata.json,model/relativeF0p6_full_garment_no_contact_s3_local_medium.feb,,0,9305,True,80.0,15.0,results/relativeF0p6_full_garment_no_contact_s3_local_medium_summary.json,5.0,10
0.4,relativeF0p6_full_garment_no_contact_s9_local_coarse,0.6,1328,results/relativeF0p6_full_garment_no_contact_s9_local_coarse.log,textile_fiber_balanced,0.1,0,local_coarse,model/relativeF0p6_full_garment_no_contact_s9_local_coarse_metadata.json,model/relativeF0p6_full_garment_no_contact_s9_local_coarse.feb,,0,1836,True,80.0,15.0,results/relativeF0p6_full_garment_no_contact_s9_local_coarse_summary.json,5.0,10
0.4,relativeF0p6_full_garment_no_contact_s9_local_fine,0.6,40704,results/relativeF0p6_full_garment_no_contact_s9_local_fine.log,textile_fiber_balanced,0.1,0,local_fine,model/relativeF0p6_full_garment_no_contact_s9_local_fine_metadata.json,model/relativeF0p6_full_garment_no_contact_s9_local_fine.feb,,0,46449,True,80.0,15.0,results/relativeF0p6_full_garment_no_contact_s9_local_fine_summary.json,5.0,10
0.4,relativeF0p6_full_garment_no_contact_s9_local_medium,0.6,7632,results/relativeF0p6_full_garment_no_contact_s9_local_medium.log,textile_fiber_balanced,0.1,0,local_medium,model/relativeF0p6_full_garment_no_contact_s9_local_medium_metadata.json,model/relativeF0p6_full_garment_no_contact_s9_local_medium.feb,,0,9305,True,80.0,15.0,results/relativeF0p6_full_garment_no_contact_s9_local_medium_summary.json,5.0,10
0.4,shape_balanced_angle_0_local_medium,0.6,7632,results/shape_balanced_angle_0_local_medium.log,textile_fiber_balanced,0.05,0,local_medium,model/shape_balanced_angle_0_local_medium_metadata.json,model/shape_balanced_angle_0_local_medium.feb,,0,9305,True,80.0,15.0,results/shape_balanced_angle_0_local_medium_summary.json,5.0,30
0.4,shape_balanced_angle_60_local_medium,0.6,7632,results/shape_balanced_angle_60_local_medium.log,textile_fiber_balanced,0.05,0,local_medium,model/shape_balanced_angle_60_local_medium_metadata.json,model/shape_balanced_angle_60_local_medium.feb,,0,9305,True,80.0,15.0,results/shape_balanced_angle_60_local_medium_summary.json,5.0,30
0.4,shape_bulk_high_angle_0_local_medium,0.6,7632,results/shape_bulk_high_angle_0_local_medium.log,textile_fiber_bulk_high,0.05,0,local_medium,model/shape_bulk_high_angle_0_local_medium_metadata.json,model/shape_bulk_high_angle_0_local_medium.feb,,0,9305,True,80.0,15.0,results/shape_bulk_high_angle_0_local_medium_summary.json,5.0,30
0.4,shape_bulk_high_angle_60_local_medium,0.6,7632,results/shape_bulk_high_angle_60_local_medium.log,textile_fiber_bulk_high,0.05,0,local_medium,model/shape_bulk_high_angle_60_local_medium_metadata.json,model/shape_bulk_high_angle_60_local_medium.feb,,0,9305,True,80.0,15.0,results/shape_bulk_high_angle_60_local_medium_summary.json,5.0,30
0.4,shape_bulk_low_angle_0_local_medium,0.6,7632,results/shape_bulk_low_angle_0_local_medium.log,textile_fiber_bulk_low,0.05,0,local_medium,model/shape_bulk_low_angle_0_local_medium_metadata.json,model/shape_bulk_low_angle_0_local_medium.feb,,0,9305,True,80.0,15.0,results/shape_bulk_low_angle_0_local_medium_summary.json,5.0,30
0.4,shape_bulk_low_angle_60_local_medium,0.6,7632,results/shape_bulk_low_angle_60_local_medium.log,textile_fiber_bulk_low,0.05,0,local_medium,model/shape_bulk_low_angle_60_local_medium_metadata.json,model/shape_bulk_low_angle_60_local_medium.feb,,0,9305,True,80.0,15.0,results/shape_bulk_low_angle_60_local_medium_summary.json,5.0,30
0.4,shape_c4_high_angle_0_local_medium,0.6,7632,results/shape_c4_high_angle_0_local_medium.log,textile_fiber_c4_high,0.05,0,local_medium,model/shape_c4_high_angle_0_local_medium_metadata.json,model/shape_c4_high_angle_0_local_medium.feb,,0,9305,True,80.0,15.0,results/shape_c4_high_angle_0_local_medium_summary.json,5.0,30
0.4,shape_c4_high_angle_60_local_medium,0.6,7632,results/shape_c4_high_angle_60_local_medium.log,textile_fiber_c4_high,0.05,0,local_medium,model/shape_c4_high_angle_60_local_medium_metadata.json,model/shape_c4_high_angle_60_local_medium.feb,,0,9305,True,80.0,15.0,results/shape_c4_high_angle_60_local_medium_summary.json,5.0,30
0.4,shape_c4_low_angle_0_local_medium,0.6,7632,results/shape_c4_low_angle_0_local_medium.log,textile_fiber_c4_low,0.05,0,local_medium,model/shape_c4_low_angle_0_local_medium_metadata.json,model/shape_c4_low_angle_0_local_medium.feb,,0,9305,True,80.0,15.0,results/shape_c4_low_angle_0_local_medium_summary.json,5.0,30
0.4,shape_c4_low_angle_60_local_medium,0.6,7632,results/shape_c4_low_angle_60_local_medium.log,textile_fiber_c4_low,0.05,0,local_medium,model/shape_c4_low_angle_60_local_medium_metadata.json,model/shape_c4_low_angle_60_local_medium.feb,,0,9305,True,80.0,15.0,results/shape_c4_low_angle_60_local_medium_summary.json,5.0,30
0.4,shape_transition_high_angle_0_local_medium,0.6,7632,results/shape_transition_high_angle_0_local_medium.log,textile_fiber_transition_high,0.05,0,local_medium,model/shape_transition_high_angle_0_local_medium_metadata.json,model/shape_transition_high_angle_0_local_medium.feb,,0,9305,True,80.0,15.0,results/shape_transition_high_angle_0_local_medium_summary.json,5.0,30
0.4,shape_transition_high_angle_60_local_medium,0.6,7632,results/shape_transition_high_angle_60_local_medium.log,textile_fiber_transition_high,0.05,0,local_medium,model/shape_transition_high_angle_60_local_medium_metadata.json,model/shape_transition_high_angle_60_local_medium.feb,,0,9305,True,80.0,15.0,results/shape_transition_high_angle_60_local_medium_summary.json,5.0,30
0.4,shape_transition_low_angle_0_local_medium,0.6,7632,results/shape_transition_low_angle_0_local_medium.log,textile_fiber_transition_low,0.05,0,local_medium,model/shape_transition_low_angle_0_local_medium_metadata.json,model/shape_transition_low_angle_0_local_medium.feb,,0,9305,True,80.0,15.0,results/shape_transition_low_angle_0_local_medium_summary.json,5.0,30
0.4,shape_transition_low_angle_60_local_medium,0.6,7632,results/shape_transition_low_angle_60_local_medium.log,textile_fiber_transition_low,0.05,0,local_medium,model/shape_transition_low_angle_60_local_medium_metadata.json,model/shape_transition_low_angle_60_local_medium.feb,,0,9305,True,80.0,15.0,results/shape_transition_low_angle_60_local_medium_summary.json,5.0,30
0.4,taper_10mm_local_medium,0.6,7632,results/taper_10mm_local_medium.log,literature_nominal,,0,local_medium,model/taper_10mm_local_medium_metadata.json,model/taper_10mm_local_medium.feb,,0,9305,True,80.0,15.0,results/taper_10mm_local_medium_summary.json,10.0,
0.4,taper_2p5mm_local_medium,0.6,7632,results/taper_2p5mm_local_medium.log,literature_nominal,,0,local_medium,model/taper_2p5mm_local_medium_metadata.json,model/taper_2p5mm_local_medium.feb,,0,9305,True,80.0,15.0,results/taper_2p5mm_local_medium_summary.json,2.5,
0.4,taper_5mm_local_fine,0.6,40704,results/taper_5mm_local_fine.log,literature_nominal,,4102,local_fine,model/taper_5mm_local_fine_metadata.json,model/taper_5mm_local_fine.feb,,10,46449,False,80.0,15.0,,5.0,
0.4,taper_5mm_local_medium,0.6,7632,results/taper_5mm_local_medium.log,literature_nominal,,0,local_medium,model/taper_5mm_local_medium_metadata.json,model/taper_5mm_local_medium.feb,,0,9305,True,80.0,15.0,results/taper_5mm_local_medium_summary.json,5.0,
0.4,taper_mesh_10mm_tip25pct_local_coarse,0.6,1488,results/taper_mesh_10mm_tip25pct_local_coarse.log,literature_nominal,0.02,0,local_coarse,model/taper_mesh_10mm_tip25pct_local_coarse_metadata.json,model/taper_mesh_10mm_tip25pct_local_coarse.feb,,0,2042,True,80.0,15.0,results/taper_mesh_10mm_tip25pct_local_coarse_summary.json,10.0,60
0.4,taper_mesh_10mm_tip25pct_local_fine,0.6,40704,results/taper_mesh_10mm_tip25pct_local_fine.log,literature_nominal,0.02,1646,local_fine,model/taper_mesh_10mm_tip25pct_local_fine_metadata.json,model/taper_mesh_10mm_tip25pct_local_fine.feb,,7,46449,True,80.0,15.0,results/taper_mesh_10mm_tip25pct_local_fine_summary.json,10.0,60
0.4,taper_mesh_10mm_tip25pct_local_medium,0.6,7632,results/taper_mesh_10mm_tip25pct_local_medium.log,literature_nominal,0.02,0,local_medium,model/taper_mesh_10mm_tip25pct_local_medium_metadata.json,model/taper_mesh_10mm_tip25pct_local_medium.feb,,0,9305,True,80.0,15.0,results/taper_mesh_10mm_tip25pct_local_medium_summary.json,10.0,60
